condition,question_id,turn_index,mode,current_goal,gold_hop_ids,gold_calls,unit_id,node_id,generated_action,generated_tool,dependencies,valid_tool,schema_valid,schema_error,match_strength,primary_hop_id,primary_gold_call,primary_score,best_candidate_hop_id,best_candidate_gold_call,best_candidate_score,best_candidate_reason,unmatched_reason
smoke_flat,multi_turn_base_35,0,llmcompiler_flat_plan,"Find a file named 'config.py' somewhere deep in the file system and once you have located it, display the last line of the first occuring file.",h1 | h2 | h3,"cd(folder='projects') | cd(folder='deep_folder') | tail(file_name='config.py',lines=1)",,,,,,,,,NO_GENERATED_UNIT,,,,,,,,no_generated_units
smoke_flat,multi_turn_base_35,1,llmcompiler_flat_plan,This is actually not what I want. Could you display the entire content of the second file found.,h4,cat(file_name='real_config.py'),u1,1,1. cd(folder='projects'),cd,,True,True,,wrong,,,,h4,"cat({""file_name"": ""real_config.py""})",15,argument_overlap:cat;schema_valid,no_candidate_above_threshold
smoke_flat,multi_turn_base_35,1,llmcompiler_flat_plan,This is actually not what I want. Could you display the entire content of the second file found.,h4,cat(file_name='real_config.py'),u2,2,2. cd(folder='deep_folder'),cd,,True,True,,wrong,,,,h4,"cat({""file_name"": ""real_config.py""})",5,schema_valid,no_candidate_above_threshold
smoke_flat,multi_turn_base_35,2,llmcompiler_flat_plan,Store the differences of the two file in a new file call diff.txt.,h5 | h6 | h7,"diff(file_name1='config.py',file_name2='real_config.py') | touch(file_name='diff.txt') | echo(content='- Initialization of the system+ Real Config.',file_name='diff.txt')",u1,1,1. cd(folder='projects'),cd,,True,True,,wrong,,,,h5,"diff({""file_name1"": ""config.py"", ""file_name2"": ""real_config.py""})",15,argument_overlap:diff;schema_valid,no_candidate_above_threshold
smoke_flat,multi_turn_base_35,2,llmcompiler_flat_plan,Store the differences of the two file in a new file call diff.txt.,h5 | h6 | h7,"diff(file_name1='config.py',file_name2='real_config.py') | touch(file_name='diff.txt') | echo(content='- Initialization of the system+ Real Config.',file_name='diff.txt')",u2,2,2. cd(folder='deep_folder'),cd,,True,True,,wrong,,,,h5,"diff({""file_name1"": ""config.py"", ""file_name2"": ""real_config.py""})",5,schema_valid,no_candidate_above_threshold
smoke_flat,multi_turn_base_35,2,llmcompiler_flat_plan,Store the differences of the two file in a new file call diff.txt.,h5 | h6 | h7,"diff(file_name1='config.py',file_name2='real_config.py') | touch(file_name='diff.txt') | echo(content='- Initialization of the system+ Real Config.',file_name='diff.txt')",u3,3,3. cat(file_name='diff.txt'),cat,,True,True,,wrong,,,,h5,"diff({""file_name1"": ""config.py"", ""file_name2"": ""real_config.py""})",85,function_mention;schema_valid,no_candidate_above_threshold
smoke_flat,multi_turn_base_39,0,llmcompiler_flat_plan,I need you to set up a fresh folder named 'WebDevProjects' wherever you're currently working.,h1,mkdir(dir_name='WebDevProjects'),u1,1,"1. mkdir(arg={""dir_name"": ""WebDevProjects""})",mkdir,,True,False,missing_required: dir_name; unknown_parameters: arg,partial,h1,"mkdir({""dir_name"": ""WebDevProjects""})",130,h1,"mkdir({""dir_name"": ""WebDevProjects""})",130,"exact_tool_name;argument_overlap:dir_name,mkdir,webdevprojects;schema_invalid",
smoke_flat,multi_turn_base_39,1,llmcompiler_flat_plan,"Populate the 'WebDevProjects' folder with 3 files:, 'styles.css', 'index.html', and 'script.js' with content 'Hello World!','Hi World!', 'Halo World!' in each.",h2 | h3 | h4 | h5 | h6 | h7 | h8,"cd(folder='WebDevProjects') | touch(file_name='styles.css') | echo(content='Hello World!', file_name='styles.css') | touch(file_name='index.html') | echo(content='Hi World!', file_name='index.html') | touch(file_name='script.js') | echo(content='Halo World!', file_name='script.js')",u1,1,1. touch(file_name='styles.css'),touch,,True,True,,exact,h3,"touch({""file_name"": ""styles.css""})",135,h3,"touch({""file_name"": ""styles.css""})",135,"exact_tool_name;parameter_overlap:file_name;argument_overlap:file_name,styles.css;schema_valid",
smoke_flat,multi_turn_base_39,1,llmcompiler_flat_plan,"Populate the 'WebDevProjects' folder with 3 files:, 'styles.css', 'index.html', and 'script.js' with content 'Hello World!','Hi World!', 'Halo World!' in each.",h2 | h3 | h4 | h5 | h6 | h7 | h8,"cd(folder='WebDevProjects') | touch(file_name='styles.css') | echo(content='Hello World!', file_name='styles.css') | touch(file_name='index.html') | echo(content='Hi World!', file_name='index.html') | touch(file_name='script.js') | echo(content='Halo World!', file_name='script.js')",u2,2,2. touch(file_name='index.html'),touch,,True,True,,exact,h5,"touch({""file_name"": ""index.html""})",135,h5,"touch({""file_name"": ""index.html""})",135,"exact_tool_name;parameter_overlap:file_name;argument_overlap:file_name,index.html;schema_valid",
smoke_flat,multi_turn_base_39,1,llmcompiler_flat_plan,"Populate the 'WebDevProjects' folder with 3 files:, 'styles.css', 'index.html', and 'script.js' with content 'Hello World!','Hi World!', 'Halo World!' in each.",h2 | h3 | h4 | h5 | h6 | h7 | h8,"cd(folder='WebDevProjects') | touch(file_name='styles.css') | echo(content='Hello World!', file_name='styles.css') | touch(file_name='index.html') | echo(content='Hi World!', file_name='index.html') | touch(file_name='script.js') | echo(content='Halo World!', file_name='script.js')",u3,3,3. touch(file_name='script.js'),touch,,True,True,,exact,h7,"touch({""file_name"": ""script.js""})",135,h7,"touch({""file_name"": ""script.js""})",135,"exact_tool_name;parameter_overlap:file_name;argument_overlap:file_name,script.js;schema_valid",
smoke_flat,multi_turn_base_39,1,llmcompiler_flat_plan,"Populate the 'WebDevProjects' folder with 3 files:, 'styles.css', 'index.html', and 'script.js' with content 'Hello World!','Hi World!', 'Halo World!' in each.",h2 | h3 | h4 | h5 | h6 | h7 | h8,"cd(folder='WebDevProjects') | touch(file_name='styles.css') | echo(content='Hello World!', file_name='styles.css') | touch(file_name='index.html') | echo(content='Hi World!', file_name='index.html') | touch(file_name='script.js') | echo(content='Halo World!', file_name='script.js')",u4,4,"4. echo(file_name='styles.css', content='Hello World!')",echo,,True,True,,exact,h4,"echo({""content"": ""Hello World!"", ""file_name"": ""styles.css""})",175,h4,"echo({""content"": ""Hello World!"", ""file_name"": ""styles.css""})",175,"exact_tool_name;parameter_overlap:content,file_name;argument_overlap:content,file_name,hello,hello world!,styles.css,world;schema_valid",
smoke_flat,multi_turn_base_39,1,llmcompiler_flat_plan,"Populate the 'WebDevProjects' folder with 3 files:, 'styles.css', 'index.html', and 'script.js' with content 'Hello World!','Hi World!', 'Halo World!' in each.",h2 | h3 | h4 | h5 | h6 | h7 | h8,"cd(folder='WebDevProjects') | touch(file_name='styles.css') | echo(content='Hello World!', file_name='styles.css') | touch(file_name='index.html') | echo(content='Hi World!', file_name='index.html') | touch(file_name='script.js') | echo(content='Halo World!', file_name='script.js')",u5,5,"5. echo(file_name='index.html', content='Hi World!')",echo,,True,True,,exact,h6,"echo({""content"": ""Hi World!"", ""file_name"": ""index.html""})",175,h6,"echo({""content"": ""Hi World!"", ""file_name"": ""index.html""})",175,"exact_tool_name;parameter_overlap:content,file_name;argument_overlap:content,file_name,hi,hi world!,index.html,world;schema_valid",
smoke_flat,multi_turn_base_39,1,llmcompiler_flat_plan,"Populate the 'WebDevProjects' folder with 3 files:, 'styles.css', 'index.html', and 'script.js' with content 'Hello World!','Hi World!', 'Halo World!' in each.",h2 | h3 | h4 | h5 | h6 | h7 | h8,"cd(folder='WebDevProjects') | touch(file_name='styles.css') | echo(content='Hello World!', file_name='styles.css') | touch(file_name='index.html') | echo(content='Hi World!', file_name='index.html') | touch(file_name='script.js') | echo(content='Halo World!', file_name='script.js')",u6,6,"6. echo(file_name='script.js', content='Halo World!')",echo,,True,True,,exact,h8,"echo({""content"": ""Halo World!"", ""file_name"": ""script.js""})",175,h8,"echo({""content"": ""Halo World!"", ""file_name"": ""script.js""})",175,"exact_tool_name;parameter_overlap:content,file_name;argument_overlap:content,file_name,halo,halo world!,script.js,world;schema_valid",
smoke_flat,multi_turn_base_39,2,llmcompiler_flat_plan,What's the second file name by system order? Don't list out hidden files.,h9,ls(),u1,1,1. cd(folder='WebDevProjects'),cd,,True,True,,wrong,,,,h9,ls({}),15,argument_overlap:ls;schema_valid,no_candidate_above_threshold
smoke_flat,multi_turn_base_39,2,llmcompiler_flat_plan,What's the second file name by system order? Don't list out hidden files.,h9,ls(),u2,2,2. ls(file_name='styles.css'),ls,,True,False,unknown_parameters: file_name,wrong,,,,h9,ls({}),100,exact_tool_name;schema_invalid,no_candidate_above_threshold
smoke_flat,multi_turn_base_39,2,llmcompiler_flat_plan,What's the second file name by system order? Don't list out hidden files.,h9,ls(),u3,3,3. ls(file_name='index.html'),ls,,True,False,unknown_parameters: file_name,partial,h9,ls({}),100,h9,ls({}),100,exact_tool_name;schema_invalid,
smoke_flat,multi_turn_base_39,3,llmcompiler_flat_plan,Can you display the content of the first file by system order?,h10,cat(file_name='styles.css'),u1,1,1. cd(folder='WebDevProjects'),cd,,True,True,,wrong,,,,h10,"cat({""file_name"": ""styles.css""})",25,"argument_overlap:cat,styles.css;schema_valid",no_candidate_above_threshold
smoke_flat,multi_turn_base_39,3,llmcompiler_flat_plan,Can you display the content of the first file by system order?,h10,cat(file_name='styles.css'),u2,2,2. cat(file_name='styles.css'),cat,,True,True,,exact,h10,"cat({""file_name"": ""styles.css""})",135,h10,"cat({""file_name"": ""styles.css""})",135,"exact_tool_name;parameter_overlap:file_name;argument_overlap:file_name,styles.css;schema_valid",
smoke_flat,multi_turn_base_50,0,llmcompiler_flat_plan,"Hey there, I noticed that all of my car doors seem to have locked themselves up, and with my schedule being pretty tight today, I'm in quite a pinch. I could really use your help to get those doors unlocked. It'd be fantastic if you could also switch on the headlights. It's getting a bit darker out here than expected, and visibility's not great!",h1 | h2,"lockDoors(unlock=True, door=['driver', 'passenger', 'rear_left', 'rear_right']) | setHeadlights(mode='on')",u1,1,"1. lockDoors(arg={""unlock"": True, ""door"": [""driver"", ""passenger"", ""rear_left"", ""rear_right""]})",lockDoors,,True,False,"missing_required: door, unlock; unknown_parameters: arg",partial,h1,"lockDoors({""unlock"": true, ""door"": [""driver"", ""passenger"", ""rear_left"", ""rear_right""]})",150,h1,"lockDoors({""unlock"": true, ""door"": [""driver"", ""passenger"", ""rear_left"", ""rear_right""]})",150,"exact_tool_name;argument_overlap:door,driver,lockdoors,passenger,rear_left,rear_right,unlock;schema_invalid",
smoke_flat,multi_turn_base_50,0,llmcompiler_flat_plan,"Hey there, I noticed that all of my car doors seem to have locked themselves up, and with my schedule being pretty tight today, I'm in quite a pinch. I could really use your help to get those doors unlocked. It'd be fantastic if you could also switch on the headlights. It's getting a bit darker out here than expected, and visibility's not great!",h1 | h2,"lockDoors(unlock=True, door=['driver', 'passenger', 'rear_left', 'rear_right']) | setHeadlights(mode='on')",u2,2,"2. setHeadlights(arg={""mode"": ""on""})",setHeadlights,,True,False,missing_required: mode; unknown_parameters: arg,partial,h2,"setHeadlights({""mode"": ""on""})",110,h2,"setHeadlights({""mode"": ""on""})",110,exact_tool_name;argument_overlap:mode;schema_invalid,
smoke_flat,multi_turn_base_55,0,llmcompiler_flat_plan,"If the fuel level is lower than 10, then go ahead and add double that amount. Let's assume I will also head out right after, so feel free to start the engine using the necessary mode.",h1 | h2 | h3 | h4 | h5,"displayCarStatus('fuel') | fillFuelTank(15.0) | lockDoors(unlock=False, door=['driver', 'passenger', 'rear_left', 'rear_right']) | pressBrakePedal(pedalPosition=1.0) | startEngine(ignitionMode='START')",u1,1,1. checkFuelLevel(),checkFuelLevel,,False,False,missing_tool_schema,wrong,,,,h1,"displayCarStatus({""_arg0"": ""fuel""})",10,argument_overlap:fuel;schema_invalid,no_candidate_above_threshold
smoke_flat,multi_turn_base_55,0,llmcompiler_flat_plan,"If the fuel level is lower than 10, then go ahead and add double that amount. Let's assume I will also head out right after, so feel free to start the engine using the necessary mode.",h1 | h2 | h3 | h4 | h5,"displayCarStatus('fuel') | fillFuelTank(15.0) | lockDoors(unlock=False, door=['driver', 'passenger', 'rear_left', 'rear_right']) | pressBrakePedal(pedalPosition=1.0) | startEngine(ignitionMode='START')",u2,3,"3. fillFuelTank(arg={""fuelAmount"": 10})",fillFuelTank,,True,False,missing_required: fuelAmount; unknown_parameters: arg,wrong,,,,h2,"fillFuelTank({""_arg0"": 15.0})",100,exact_tool_name;schema_invalid,no_candidate_above_threshold
smoke_flat,multi_turn_base_55,0,llmcompiler_flat_plan,"If the fuel level is lower than 10, then go ahead and add double that amount. Let's assume I will also head out right after, so feel free to start the engine using the necessary mode.",h1 | h2 | h3 | h4 | h5,"displayCarStatus('fuel') | fillFuelTank(15.0) | lockDoors(unlock=False, door=['driver', 'passenger', 'rear_left', 'rear_right']) | pressBrakePedal(pedalPosition=1.0) | startEngine(ignitionMode='START')",u3,4,"4. fillFuelTank(arg={""fuelAmount"": 10})",fillFuelTank,,True,False,missing_required: fuelAmount; unknown_parameters: arg,partial,h2,"fillFuelTank({""_arg0"": 15.0})",100,h2,"fillFuelTank({""_arg0"": 15.0})",100,exact_tool_name;schema_invalid,
smoke_flat,multi_turn_base_55,0,llmcompiler_flat_plan,"If the fuel level is lower than 10, then go ahead and add double that amount. Let's assume I will also head out right after, so feel free to start the engine using the necessary mode.",h1 | h2 | h3 | h4 | h5,"displayCarStatus('fuel') | fillFuelTank(15.0) | lockDoors(unlock=False, door=['driver', 'passenger', 'rear_left', 'rear_right']) | pressBrakePedal(pedalPosition=1.0) | startEngine(ignitionMode='START')",u4,5,"5. startEngine(arg={""ignitionMode"": ""START""})",startEngine,,True,False,missing_required: ignitionMode; unknown_parameters: arg,wrong,,,,h5,"startEngine({""ignitionMode"": ""START""})",120,"exact_tool_name;argument_overlap:ignitionmode,start;schema_invalid",no_candidate_above_threshold
smoke_flat,multi_turn_base_55,0,llmcompiler_flat_plan,"If the fuel level is lower than 10, then go ahead and add double that amount. Let's assume I will also head out right after, so feel free to start the engine using the necessary mode.",h1 | h2 | h3 | h4 | h5,"displayCarStatus('fuel') | fillFuelTank(15.0) | lockDoors(unlock=False, door=['driver', 'passenger', 'rear_left', 'rear_right']) | pressBrakePedal(pedalPosition=1.0) | startEngine(ignitionMode='START')",u5,6,"6. startEngine(arg={""ignitionMode"": ""START""})",startEngine,,True,False,missing_required: ignitionMode; unknown_parameters: arg,partial,h5,"startEngine({""ignitionMode"": ""START""})",120,h5,"startEngine({""ignitionMode"": ""START""})",120,"exact_tool_name;argument_overlap:ignitionmode,start;schema_invalid",
smoke_flat,multi_turn_base_55,1,llmcompiler_flat_plan,"Since we are all set to go, could you quickly check the pressure of all the tires to ensure everything is safe for our journey?",h6,check_tire_pressure(),u1,1,1. pressBrakePedal(pedalPosition=1.0),pressBrakePedal,,True,True,,wrong,,,,h6,check_tire_pressure({}),15,argument_overlap:check_tire_pressure;schema_valid,no_candidate_above_threshold
smoke_flat,multi_turn_base_55,1,llmcompiler_flat_plan,"Since we are all set to go, could you quickly check the pressure of all the tires to ensure everything is safe for our journey?",h6,check_tire_pressure(),u2,2,2. startEngine(ignitionMode='START'),startEngine,,True,True,,wrong,,,,h6,check_tire_pressure({}),5,schema_valid,no_candidate_above_threshold
smoke_flat,multi_turn_base_55,2,llmcompiler_flat_plan,"The pressure seemed lower than expected. Let's open a ticket for 'Tire Pressure Issue', and detail it 'Urgent tire pressure issue.'. Given the urgency, classify this as the top priority to issue, where a higher score has more priority.",h7,"create_ticket(title='Tire Pressure Issue', description='Urgent tire pressure issue.', priority=5)",u1,1,1. check_tire_pressure(),check_tire_pressure,,True,True,,wrong,,,,h7,"create_ticket({""title"": ""Tire Pressure Issue"", ""description"": ""Urgent tire pressure issue."", ""priority"": 5})",55,"argument_overlap:description,issue,issue.,pressure,priority,tire,tire pressure issue,urgent;schema_valid",no_candidate_above_threshold
smoke_flat,multi_turn_base_55,3,llmcompiler_flat_plan,"Apparently, I never got feedback on the tire pressure ticket I created. Can you fetch that ticket for me so I can review the current status?",h8,get_ticket(ticket_id=2),u1,1,1. fetch_ticket(ticket_id=2),fetch_ticket,,False,False,missing_tool_schema,wrong,,,,h8,"get_ticket({""ticket_id"": 2})",20,parameter_overlap:ticket_id;argument_overlap:ticket_id;schema_invalid,no_candidate_above_threshold
smoke_flat,multi_turn_base_55,4,llmcompiler_flat_plan,"Great! They just gave me a call back. Now that I've checked the details, let's resolve the tire pressure ticket with an update stating 'Issue resolved!'.",h9,"resolve_ticket(ticket_id=2, resolution='Issue resolved!')",u1,1,"1. update_ticket(ticket_id=2, status='Resolved', description='Issue resolved!')",update_ticket,,False,False,missing_tool_schema,wrong,,,,h9,"resolve_ticket({""ticket_id"": 2, ""resolution"": ""Issue resolved!""})",50,"parameter_overlap:ticket_id;argument_overlap:issue,issue resolved!,resolved,ticket_id;schema_invalid",no_candidate_above_threshold
smoke_flat,multi_turn_base_56,0,llmcompiler_flat_plan,I'm setting off on a road trip and my departure point is sunny San Francisco. Could you determine the distance to Rivermist to help me plan my fuel stops on the way?,h1 | h2 | h3,"get_zipcode_based_on_city('San Francisco') | get_zipcode_based_on_city('Rivermist') | estimate_distance(cityA='94016', cityB='83214')",u1,1,1. get_zipcode_based_on_city(city=<zipcode for San Francisco>),get_zipcode_based_on_city,,True,False,syntax_error: invalid syntax; missing_required: city,partial,h1,"get_zipcode_based_on_city({""_arg0"": ""San Francisco""})",130,h1,"get_zipcode_based_on_city({""_arg0"": ""San Francisco""})",130,"exact_tool_name;argument_overlap:francisco,get_zipcode_based_on_city,san;schema_invalid;unresolved_input",
smoke_flat,multi_turn_base_56,0,llmcompiler_flat_plan,I'm setting off on a road trip and my departure point is sunny San Francisco. Could you determine the distance to Rivermist to help me plan my fuel stops on the way?,h1 | h2 | h3,"get_zipcode_based_on_city('San Francisco') | get_zipcode_based_on_city('Rivermist') | estimate_distance(cityA='94016', cityB='83214')",u2,2,2. get_zipcode_based_on_city(city=<zipcode for Rivermist>),get_zipcode_based_on_city,,True,False,syntax_error: invalid syntax; missing_required: city,partial,h2,"get_zipcode_based_on_city({""_arg0"": ""Rivermist""})",100,h1,"get_zipcode_based_on_city({""_arg0"": ""San Francisco""})",100,exact_tool_name;schema_invalid;unresolved_input,
smoke_flat,multi_turn_base_56,1,llmcompiler_flat_plan,"Before embarking on this journey, please top up my vehicle to end with 50 gallons of fuel.",h4 | h5,displayCarStatus('fuel') | fillFuelTank(fuelAmount=40),u1,1,1. fillFuelTank(fuelAmount=50.0),fillFuelTank,,True,True,,exact,h5,"fillFuelTank({""fuelAmount"": 40})",135,h5,"fillFuelTank({""fuelAmount"": 40})",135,"exact_tool_name;parameter_overlap:fuelAmount;argument_overlap:fillfueltank,fuelamount;schema_valid",
smoke_flat,multi_turn_base_56,2,llmcompiler_flat_plan,Please start the engine to prepare for our travel. Ensure that the car is locked and everything is secure for a seamless start.,h6 | h7 | h8,"lockDoors(unlock=False, door=['driver', 'passenger', 'rear_left', 'rear_right']) | pressBrakePedal(pedalPosition=1.0) | startEngine(ignitionMode='START')",u1,1,"1. lockDoors(unlock=True, door={[""driver"", ""passenger"", ""rear_left"", ""rear_right""]})",lockDoors,,True,True,,exact,h6,"lockDoors({""unlock"": false, ""door"": [""driver"", ""passenger"", ""rear_left"", ""rear_right""]})",175,h6,"lockDoors({""unlock"": false, ""door"": [""driver"", ""passenger"", ""rear_left"", ""rear_right""]})",175,"exact_tool_name;parameter_overlap:door,unlock;argument_overlap:door,driver,passenger,rear_left,rear_right,unlock;schema_valid",
smoke_flat,multi_turn_base_56,2,llmcompiler_flat_plan,Please start the engine to prepare for our travel. Ensure that the car is locked and everything is secure for a seamless start.,h6 | h7 | h8,"lockDoors(unlock=False, door=['driver', 'passenger', 'rear_left', 'rear_right']) | pressBrakePedal(pedalPosition=1.0) | startEngine(ignitionMode='START')",u2,2,2. displayCarStatus('engine'),displayCarStatus,,True,False,positional_args_not_schema_checked; missing_required: option,wrong,,,,h6,"lockDoors({""unlock"": false, ""door"": [""driver"", ""passenger"", ""rear_left"", ""rear_right""]})",0,schema_invalid,no_candidate_above_threshold
smoke_flat,multi_turn_base_56,2,llmcompiler_flat_plan,Please start the engine to prepare for our travel. Ensure that the car is locked and everything is secure for a seamless start.,h6 | h7 | h8,"lockDoors(unlock=False, door=['driver', 'passenger', 'rear_left', 'rear_right']) | pressBrakePedal(pedalPosition=1.0) | startEngine(ignitionMode='START')",u3,3,3. startEngine(ignitionMode='START'),startEngine,,True,True,,exact,h8,"startEngine({""ignitionMode"": ""START""})",135,h8,"startEngine({""ignitionMode"": ""START""})",135,"exact_tool_name;parameter_overlap:ignitionMode;argument_overlap:ignitionmode,start;schema_valid",
smoke_flat,multi_turn_base_57,0,llmcompiler_flat_plan,"I've been thinking of visiting Autumnville for a while now, but I'm not sure how far it is from here in Crescent Hollow. Can you help me figure this out so I can plan my trip accordingly?",h1 | h2 | h3,"get_zipcode_based_on_city('Crescent Hollow') | get_zipcode_based_on_city('Autumnville') | estimate_distance(cityA='69238', cityB='51479')",,,,,,,,,NO_GENERATED_UNIT,,,,,,,,no_generated_units
smoke_flat,multi_turn_base_57,1,llmcompiler_flat_plan,"Oh, and by the way, there's something else I need help with. I want to calculate the logarithm of the distance you've just told me about, considering a base 10 with a precision of 5 digits. Could you provide me with this value as well?",h4,"logarithm(value=630.0, base=10, precision=5)",u1,1,1. get_zipcode_based_on_city('Crescent Hollow'),get_zipcode_based_on_city,,True,False,positional_args_not_schema_checked; missing_required: city,wrong,,,,h4,"logarithm({""value"": 630.0, ""base"": 10, ""precision"": 5})",40,"argument_overlap:10,base,logarithm,precision;schema_invalid",no_candidate_above_threshold
smoke_flat,multi_turn_base_57,1,llmcompiler_flat_plan,"Oh, and by the way, there's something else I need help with. I want to calculate the logarithm of the distance you've just told me about, considering a base 10 with a precision of 5 digits. Could you provide me with this value as well?",h4,"logarithm(value=630.0, base=10, precision=5)",u2,2,2. get_zipcode_based_on_city('Autumnville'),get_zipcode_based_on_city,,True,False,positional_args_not_schema_checked; missing_required: city,wrong,,,,h4,"logarithm({""value"": 630.0, ""base"": 10, ""precision"": 5})",0,schema_invalid,no_candidate_above_threshold
smoke_flat,multi_turn_base_57,1,llmcompiler_flat_plan,"Oh, and by the way, there's something else I need help with. I want to calculate the logarithm of the distance you've just told me about, considering a base 10 with a precision of 5 digits. Could you provide me with this value as well?",h4,"logarithm(value=630.0, base=10, precision=5)",u3,3,"3. estimate_distance(<Crescent Hollow>, <distance for Autumnville>)",estimate_distance,,True,False,"syntax_error: invalid syntax; missing_required: cityA, cityB",wrong,,,,h4,"logarithm({""value"": 630.0, ""base"": 10, ""precision"": 5})",0,schema_invalid;unresolved_input,no_candidate_above_threshold
smoke_flat,multi_turn_base_59,0,llmcompiler_flat_plan,I recently moved to San Francisco and I’m planning a trip to Rivermist. How far apart are these places? I'd like to gauge the distance before setting off on this adventure.,h1 | h2 | h3,"get_zipcode_based_on_city('San Francisco') | get_zipcode_based_on_city('Rivermist') | estimate_distance(cityA='94016', cityB='83214')",,,,,,,,,NO_GENERATED_UNIT,,,,,,,,no_generated_units
smoke_flat,multi_turn_base_59,1,llmcompiler_flat_plan,"Now that I have the distance sorted, I'm considering the fuel situation. What's the current level of gasoline I have in liters?",h4 | h5,displayCarStatus(option='fuel') | gallon_to_liter(gallon=10),u1,1,1. get_fuel_level(city='San Francisco'),get_fuel_level,,False,False,missing_tool_schema,wrong,,,,h4,"displayCarStatus({""option"": ""fuel""})",10,argument_overlap:fuel;schema_invalid,no_candidate_above_threshold
smoke_flat,multi_turn_base_59,1,llmcompiler_flat_plan,"Now that I have the distance sorted, I'm considering the fuel situation. What's the current level of gasoline I have in liters?",h4 | h5,displayCarStatus(option='fuel') | gallon_to_liter(gallon=10),u2,2,2. get_fuel_level(city='Rivermist'),get_fuel_level,,False,False,missing_tool_schema,wrong,,,,h4,"displayCarStatus({""option"": ""fuel""})",0,schema_invalid,no_candidate_above_threshold
smoke_flat,multi_turn_base_59,1,llmcompiler_flat_plan,"Now that I have the distance sorted, I'm considering the fuel situation. What's the current level of gasoline I have in liters?",h4 | h5,displayCarStatus(option='fuel') | gallon_to_liter(gallon=10),u3,3,"3. subtract_fuel_level(cityA='San Francisco', cityB='Rivermist')",subtract_fuel_level,,False,False,missing_tool_schema,wrong,,,,h4,"displayCarStatus({""option"": ""fuel""})",0,schema_invalid,no_candidate_above_threshold
smoke_flat,multi_turn_base_59,1,llmcompiler_flat_plan,"Now that I have the distance sorted, I'm considering the fuel situation. What's the current level of gasoline I have in liters?",h4 | h5,displayCarStatus(option='fuel') | gallon_to_liter(gallon=10),u4,4,4. get_fuel_level(city='San Francisco'),get_fuel_level,,False,False,missing_tool_schema,wrong,,,,h4,"displayCarStatus({""option"": ""fuel""})",0,schema_invalid,no_candidate_above_threshold
smoke_flat,multi_turn_base_59,2,llmcompiler_flat_plan,"With the liters in mind, I'll need to top up my vehicle’s tank. Please go ahead and fill up the tank before I hit the road.",h6,fillFuelTank(fuelAmount=40),u1,1,1. displayCarStatus(option='fuel'),displayCarStatus,,True,True,,wrong,,,,h6,"fillFuelTank({""fuelAmount"": 40})",5,schema_valid,no_candidate_above_threshold
smoke_flat,multi_turn_base_59,2,llmcompiler_flat_plan,"With the liters in mind, I'll need to top up my vehicle’s tank. Please go ahead and fill up the tank before I hit the road.",h6,fillFuelTank(fuelAmount=40),u2,2,2. gallon_to_liter(gallon=10),gallon_to_liter,,True,True,,wrong,,,,h6,"fillFuelTank({""fuelAmount"": 40})",5,schema_valid,no_candidate_above_threshold
smoke_flat,multi_turn_base_59,2,llmcompiler_flat_plan,"With the liters in mind, I'll need to top up my vehicle’s tank. Please go ahead and fill up the tank before I hit the road.",h6,fillFuelTank(fuelAmount=40),u3,3,"3. fill_up_fuel_tank(liters=37.8541, targetLevel=50)",fill_up_fuel_tank,,False,False,missing_tool_schema,wrong,,,,h6,"fillFuelTank({""fuelAmount"": 40})",0,schema_invalid,no_candidate_above_threshold
smoke_flat,multi_turn_base_59,3,llmcompiler_flat_plan,"As the journey is about to begin, could you kindly engage the 'START' ignition mode to ready the vehicle? I want to ensure everything's in perfect working order before I drive off.",h7 | h8 | h9,"lockDoors(unlock=False, door=['driver', 'passenger', 'rear_left', 'rear_right']) | pressBrakePedal(pedalPosition=1.0) | startEngine(ignitionMode='START')",u1,1,1. fillFuelTank(fuelAmount=40),fillFuelTank,,True,True,,wrong,,,,h9,"startEngine({""ignitionMode"": ""START""})",15,argument_overlap:start;schema_valid,no_candidate_above_threshold
smoke_flat,multi_turn_base_59,3,llmcompiler_flat_plan,"As the journey is about to begin, could you kindly engage the 'START' ignition mode to ready the vehicle? I want to ensure everything's in perfect working order before I drive off.",h7 | h8 | h9,"lockDoors(unlock=False, door=['driver', 'passenger', 'rear_left', 'rear_right']) | pressBrakePedal(pedalPosition=1.0) | startEngine(ignitionMode='START')",u2,2,2. setIgnitionMode(mode='start'),setIgnitionMode,,False,False,missing_tool_schema,wrong,,,,h9,"startEngine({""ignitionMode"": ""START""})",10,argument_overlap:start;schema_invalid,no_candidate_above_threshold
smoke_flat,multi_turn_base_59,4,llmcompiler_flat_plan,"Finally, I'm analyzing mileage statistics and need the logarithm of the distance to the base the previous fuel value, computed to a precision of 10. Use base of 20. This will help with assessing the fuel efficiency patterns.",h10,"logarithm(value=980.0, base=20, precision=10)",u1,1,1. displayCarStatus(option='fuel'),displayCarStatus,,True,True,,wrong,,,,h10,"logarithm({""value"": 980.0, ""base"": 20, ""precision"": 10})",5,schema_valid,no_candidate_above_threshold
smoke_flat,multi_turn_base_59,4,llmcompiler_flat_plan,"Finally, I'm analyzing mileage statistics and need the logarithm of the distance to the base the previous fuel value, computed to a precision of 10. Use base of 20. This will help with assessing the fuel efficiency patterns.",h10,"logarithm(value=980.0, base=20, precision=10)",u2,2,2. gallon_to_liter(gallon=10),gallon_to_liter,,True,True,,wrong,,,,h10,"logarithm({""value"": 980.0, ""base"": 20, ""precision"": 10})",15,argument_overlap:10;schema_valid,no_candidate_above_threshold
smoke_flat,multi_turn_base_59,4,llmcompiler_flat_plan,"Finally, I'm analyzing mileage statistics and need the logarithm of the distance to the base the previous fuel value, computed to a precision of 10. Use base of 20. This will help with assessing the fuel efficiency patterns.",h10,"logarithm(value=980.0, base=20, precision=10)",u3,3,3. fillFuelTank(fuelAmount=40),fillFuelTank,,True,True,,wrong,,,,h10,"logarithm({""value"": 980.0, ""base"": 20, ""precision"": 10})",5,schema_valid,no_candidate_above_threshold
smoke_flat,multi_turn_base_59,4,llmcompiler_flat_plan,"Finally, I'm analyzing mileage statistics and need the logarithm of the distance to the base the previous fuel value, computed to a precision of 10. Use base of 20. This will help with assessing the fuel efficiency patterns.",h10,"logarithm(value=980.0, base=20, precision=10)",u4,4,4. startEngine(ignitionMode='AUTO'),startEngine,,True,True,,wrong,,,,h10,"logarithm({""value"": 980.0, ""base"": 20, ""precision"": 10})",5,schema_valid,no_candidate_above_threshold
smoke_flat,multi_turn_base_62,0,llmcompiler_flat_plan,"I'm currently in Rivermist planning a trip to Stonebrook. Could you provide an estimate of the distance and forward this info to my cousin Bob via text, in the format 'The distance from Rivermist to Stonebrook is xxx km.', where xxx is replaced by the distance value, in one decimal place)?",h1 | h2 | h3 | h4,"get_zipcode_based_on_city('Rivermist') | get_zipcode_based_on_city('Stonebrook') | estimate_distance(cityA='83214', cityB='74532') | send_message(receiver_id='USR002', message='The distance from Rivermist to Stonebrook is 750.0 km.')",u1,1,1. get_zipcode_based_on_city(city=Rivermist),get_zipcode_based_on_city,,True,True,,exact,h1,"get_zipcode_based_on_city({""_arg0"": ""Rivermist""})",115,h1,"get_zipcode_based_on_city({""_arg0"": ""Rivermist""})",115,exact_tool_name;argument_overlap:rivermist;schema_valid,
smoke_flat,multi_turn_base_62,0,llmcompiler_flat_plan,"I'm currently in Rivermist planning a trip to Stonebrook. Could you provide an estimate of the distance and forward this info to my cousin Bob via text, in the format 'The distance from Rivermist to Stonebrook is xxx km.', where xxx is replaced by the distance value, in one decimal place)?",h1 | h2 | h3 | h4,"get_zipcode_based_on_city('Rivermist') | get_zipcode_based_on_city('Stonebrook') | estimate_distance(cityA='83214', cityB='74532') | send_message(receiver_id='USR002', message='The distance from Rivermist to Stonebrook is 750.0 km.')",u2,2,2. get_zipcode_based_on_city(city=Stonebrook),get_zipcode_based_on_city,,True,True,,exact,h2,"get_zipcode_based_on_city({""_arg0"": ""Stonebrook""})",115,h2,"get_zipcode_based_on_city({""_arg0"": ""Stonebrook""})",115,exact_tool_name;argument_overlap:stonebrook;schema_valid,
smoke_flat,multi_turn_base_62,0,llmcompiler_flat_plan,"I'm currently in Rivermist planning a trip to Stonebrook. Could you provide an estimate of the distance and forward this info to my cousin Bob via text, in the format 'The distance from Rivermist to Stonebrook is xxx km.', where xxx is replaced by the distance value, in one decimal place)?",h1 | h2 | h3 | h4,"get_zipcode_based_on_city('Rivermist') | get_zipcode_based_on_city('Stonebrook') | estimate_distance(cityA='83214', cityB='74532') | send_message(receiver_id='USR002', message='The distance from Rivermist to Stonebrook is 750.0 km.')",u3,3,"3. calculate_distance(city1=<zipcode for Rivermist>, city2=<zipcode for Stonebrook>)",calculate_distance,,False,False,missing_tool_schema,wrong,,,,h1,"get_zipcode_based_on_city({""_arg0"": ""Rivermist""})",0,schema_invalid;unresolved_input,no_candidate_above_threshold
smoke_flat,multi_turn_base_62,0,llmcompiler_flat_plan,"I'm currently in Rivermist planning a trip to Stonebrook. Could you provide an estimate of the distance and forward this info to my cousin Bob via text, in the format 'The distance from Rivermist to Stonebrook is xxx km.', where xxx is replaced by the distance value, in one decimal place)?",h1 | h2 | h3 | h4,"get_zipcode_based_on_city('Rivermist') | get_zipcode_based_on_city('Stonebrook') | estimate_distance(cityA='83214', cityB='74532') | send_message(receiver_id='USR002', message='The distance from Rivermist to Stonebrook is 750.0 km.')",u4,4,"4. send_message(receiver=Bob, message=""The distance from Rivermist to Stonebrook is <distance> km."", distance=""<distance from Rivermist to Stonebrook>"")",send_message,,True,False,"missing_required: receiver_id; unknown_parameters: distance, receiver",partial,h4,"send_message({""receiver_id"": ""USR002"", ""message"": ""The distance from Rivermist to Stonebrook is 750.0 km.""})",150,h4,"send_message({""receiver_id"": ""USR002"", ""message"": ""The distance from Rivermist to Stonebrook is 750.0 km.""})",150,"exact_tool_name;argument_overlap:distance,km.,message,rivermist,stonebrook;schema_invalid;unresolved_input",
smoke_flat,multi_turn_base_62,1,llmcompiler_flat_plan,"As I set off on my drive, I need you to verify that all the doors on my car are securely locked, please.",h5,"lockDoors(unlock=False, door=['driver', 'passenger', 'rear_left', 'rear_right'])",u1,1,"1. lockDoors(door=[""driver"", ""passenger"", ""rear_left"", ""rear_right""])",lockDoors,,True,False,missing_required: unlock,wrong,,,,h5,"lockDoors({""unlock"": false, ""door"": [""driver"", ""passenger"", ""rear_left"", ""rear_right""]})",160,"exact_tool_name;parameter_overlap:door;argument_overlap:door,driver,lockdoors,passenger,rear_left,rear_right;schema_invalid",no_candidate_above_threshold
smoke_flat,multi_turn_base_62,1,llmcompiler_flat_plan,"As I set off on my drive, I need you to verify that all the doors on my car are securely locked, please.",h5,"lockDoors(unlock=False, door=['driver', 'passenger', 'rear_left', 'rear_right'])",u2,2,"2. lockDoors(unlock=True, door=[""driver"", ""passenger"", ""rear_left"", ""rear_right""])",lockDoors,,True,True,,exact,h5,"lockDoors({""unlock"": false, ""door"": [""driver"", ""passenger"", ""rear_left"", ""rear_right""]})",175,h5,"lockDoors({""unlock"": false, ""door"": [""driver"", ""passenger"", ""rear_left"", ""rear_right""]})",175,"exact_tool_name;parameter_overlap:door,unlock;argument_overlap:door,driver,passenger,rear_left,rear_right,unlock;schema_valid",
smoke_flat,multi_turn_base_62,2,llmcompiler_flat_plan,"After confirming the security of the vehicle, could you initiate the engine so I can check the fuel level?",h6 | h7,pressBrakePedal(pedalPosition=1.0) | startEngine(ignitionMode='START'),u1,1,1. startEngine(ignitionMode='START'),startEngine,,True,True,,exact,h7,"startEngine({""ignitionMode"": ""START""})",145,h7,"startEngine({""ignitionMode"": ""START""})",145,"exact_tool_name;parameter_overlap:ignitionMode;argument_overlap:ignitionmode,start,startengine;schema_valid",
smoke_flat,multi_turn_base_62,3,llmcompiler_flat_plan,"Also, at your earliest convenience, can you show me all the messages I have send so far?",h8,view_messages_sent(),u1,1,"1. send_message(receiver_id='USR002', message='The distance from Rivermist to Stonebrook is 750.0 km.')",send_message,,True,True,,wrong,,,,h8,view_messages_sent({}),5,schema_valid,no_candidate_above_threshold
smoke_flat,multi_turn_base_67,0,llmcompiler_flat_plan,Will you estimate the distance between San Francisco and Silverpine for me?,h1 | h2 | h3,"get_zipcode_based_on_city('San Francisco') | get_zipcode_based_on_city('Silverpine') | estimate_distance(cityA='94016', cityB='62947')",,,,,,,,,NO_GENERATED_UNIT,,,,,,,,no_generated_units
smoke_flat,multi_turn_base_67,1,llmcompiler_flat_plan,I need that info to check if my vehicle can cover the distance without refueling.,h4,estimate_drive_feasibility_by_mileage(distance=780.0),u1,1,1. get_fuel_level(),get_fuel_level,,False,False,missing_tool_schema,wrong,,,,h4,"estimate_drive_feasibility_by_mileage({""distance"": 780.0})",10,argument_overlap:distance;schema_invalid,no_candidate_above_threshold
smoke_flat,multi_turn_base_67,1,llmcompiler_flat_plan,I need that info to check if my vehicle can cover the distance without refueling.,h4,estimate_drive_feasibility_by_mileage(distance=780.0),u2,2,2. get_fuel_consumption(),get_fuel_consumption,,False,False,missing_tool_schema,wrong,,,,h4,"estimate_drive_feasibility_by_mileage({""distance"": 780.0})",0,schema_invalid,no_candidate_above_threshold
smoke_flat,multi_turn_base_67,1,llmcompiler_flat_plan,I need that info to check if my vehicle can cover the distance without refueling.,h4,estimate_drive_feasibility_by_mileage(distance=780.0),u3,3,"3. calculate_fuel_needed_for_distance(distance='780.0', fuelConsumption='10.0')",calculate_fuel_needed_for_distance,,False,False,missing_tool_schema,wrong,,,,h4,"estimate_drive_feasibility_by_mileage({""distance"": 780.0})",30,"parameter_overlap:distance;argument_overlap:780.0,distance;schema_invalid",no_candidate_above_threshold
smoke_flat,multi_turn_base_67,2,llmcompiler_flat_plan,"In case it can't, just fill out the fuel tank completely.",h5,fillFuelTank(fuelAmount=39.5),u1,1,1. get_fuel_level(),get_fuel_level,,False,False,missing_tool_schema,wrong,,,,h5,"fillFuelTank({""fuelAmount"": 39.5})",0,schema_invalid,no_candidate_above_threshold
smoke_flat,multi_turn_base_67,2,llmcompiler_flat_plan,"In case it can't, just fill out the fuel tank completely.",h5,fillFuelTank(fuelAmount=39.5),u2,2,2. fillFuelTank(fuelAmount=10.0),fillFuelTank,,True,True,,exact,h5,"fillFuelTank({""fuelAmount"": 39.5})",125,h5,"fillFuelTank({""fuelAmount"": 39.5})",125,exact_tool_name;parameter_overlap:fuelAmount;argument_overlap:fuelamount;schema_valid,
smoke_flat,multi_turn_base_67,3,llmcompiler_flat_plan,Turn on my vehicle's engine in 'START' mode.,h6 | h7 | h8,"lockDoors(unlock=False, door=['driver', 'passenger', 'rear_left', 'rear_right']) | pressBrakePedal(pedalPosition=1.0) | startEngine(ignitionMode='START')",u1,1,1. startEngine(ignitionMode='START'),startEngine,,True,True,,exact,h8,"startEngine({""ignitionMode"": ""START""})",145,h8,"startEngine({""ignitionMode"": ""START""})",145,"exact_tool_name;parameter_overlap:ignitionMode;argument_overlap:ignitionmode,start,startengine;schema_valid",
smoke_flat,multi_turn_base_70,0,llmcompiler_flat_plan,"Ensure the fuel tank is replenished adequately by adding 38 liters of gasoline so that we're well-prepared for the lengthy voyage ahead. Only fill with interger amount for volumn; round when not integer. Once fueled, proceed to start the engine confidently with the ignition mode, and make certain that all doors are secure, and the parking brake is engaged as a safety measure.",h1 | h2 | h3 | h4 | h5 | h6,"liter_to_gallon(liter=38) | fillFuelTank(fuelAmount=10) | activateParkingBrake(mode='engage') | lockDoors(unlock=False, door=['driver', 'passenger', 'rear_left', 'rear_right']) | pressBrakePedal(pedalPosition=1.0) | startEngine(ignitionMode='START')",u1,1,"1. fillFuelTank(arg={""fuelAmount"": 38})",fillFuelTank,,True,False,missing_required: fuelAmount; unknown_parameters: arg,partial,h2,"fillFuelTank({""fuelAmount"": 10})",120,h2,"fillFuelTank({""fuelAmount"": 10})",120,"exact_tool_name;argument_overlap:fillfueltank,fuelamount;schema_invalid",
smoke_flat,multi_turn_base_70,0,llmcompiler_flat_plan,"Ensure the fuel tank is replenished adequately by adding 38 liters of gasoline so that we're well-prepared for the lengthy voyage ahead. Only fill with interger amount for volumn; round when not integer. Once fueled, proceed to start the engine confidently with the ignition mode, and make certain that all doors are secure, and the parking brake is engaged as a safety measure.",h1 | h2 | h3 | h4 | h5 | h6,"liter_to_gallon(liter=38) | fillFuelTank(fuelAmount=10) | activateParkingBrake(mode='engage') | lockDoors(unlock=False, door=['driver', 'passenger', 'rear_left', 'rear_right']) | pressBrakePedal(pedalPosition=1.0) | startEngine(ignitionMode='START')",u2,2,"2. startEngine(arg={""ignitionMode"": ""START""})",startEngine,,True,False,missing_required: ignitionMode; unknown_parameters: arg,partial,h6,"startEngine({""ignitionMode"": ""START""})",120,h6,"startEngine({""ignitionMode"": ""START""})",120,"exact_tool_name;argument_overlap:ignitionmode,start;schema_invalid",
smoke_flat,multi_turn_base_70,1,llmcompiler_flat_plan,"As we gear up for our adventure, it’s wise to confirm that each tire is inflated to a stable 32 PSI. Should any of the tires fall short, chart a course to the nearest tire service center to have this rectified.",h7 | h8 | h9,"check_tire_pressure() | find_nearest_tire_shop() | set_navigation(destination='456 Oakwood Avenue, Rivermist, 83214')",u1,1,"1. checkTirePressure(driverTire=32.0, passengerTire=32.0, rearLeftTire=32.0, rearRightTire=32.0)",checkTirePressure,,False,False,missing_tool_schema,wrong,,,,h7,check_tire_pressure({}),0,schema_invalid,no_candidate_above_threshold
smoke_flat,multi_turn_base_70,1,llmcompiler_flat_plan,"As we gear up for our adventure, it’s wise to confirm that each tire is inflated to a stable 32 PSI. Should any of the tires fall short, chart a course to the nearest tire service center to have this rectified.",h7 | h8 | h9,"check_tire_pressure() | find_nearest_tire_shop() | set_navigation(destination='456 Oakwood Avenue, Rivermist, 83214')",u2,2,"2. set_navigation(destination=""123 Main St, Anytown, USA, 12345"")",set_navigation,,True,True,,exact,h9,"set_navigation({""destination"": ""456 Oakwood Avenue, Rivermist, 83214""})",125,h9,"set_navigation({""destination"": ""456 Oakwood Avenue, Rivermist, 83214""})",125,exact_tool_name;parameter_overlap:destination;argument_overlap:destination;schema_valid,
smoke_flat,multi_turn_base_71,0,llmcompiler_flat_plan,"Using my vehicle's system, estimate the distance between Rivermist and Stonebrook.",h1 | h2 | h3,"get_zipcode_based_on_city('Rivermist') | get_zipcode_based_on_city('Stonebrook') | estimate_distance(cityA='83214', cityB='74532')",u1,1,"1. get_zipcode_based_on_city({""city"": ""Rivermist""})",get_zipcode_based_on_city,,True,False,positional_args_not_schema_checked; missing_required: city,partial,h2,"get_zipcode_based_on_city({""_arg0"": ""Stonebrook""})",120,h1,"get_zipcode_based_on_city({""_arg0"": ""Rivermist""})",120,"exact_tool_name;argument_overlap:get_zipcode_based_on_city,rivermist;schema_invalid",
smoke_flat,multi_turn_base_71,0,llmcompiler_flat_plan,"Using my vehicle's system, estimate the distance between Rivermist and Stonebrook.",h1 | h2 | h3,"get_zipcode_based_on_city('Rivermist') | get_zipcode_based_on_city('Stonebrook') | estimate_distance(cityA='83214', cityB='74532')",u2,2,"2. get_zipcode_based_on_city({""city"": ""Stonebrook""})",get_zipcode_based_on_city,,True,False,positional_args_not_schema_checked; missing_required: city,partial,h1,"get_zipcode_based_on_city({""_arg0"": ""Rivermist""})",100,h2,"get_zipcode_based_on_city({""_arg0"": ""Stonebrook""})",110,exact_tool_name;argument_overlap:stonebrook;schema_invalid,
smoke_flat,multi_turn_base_71,0,llmcompiler_flat_plan,"Using my vehicle's system, estimate the distance between Rivermist and Stonebrook.",h1 | h2 | h3,"get_zipcode_based_on_city('Rivermist') | get_zipcode_based_on_city('Stonebrook') | estimate_distance(cityA='83214', cityB='74532')",u3,3,"3. estimate_distance({""city1"": ""<zipcode for Rivermist>"", ""city2"": ""<zipcode for Stonebrook>"")",estimate_distance,,True,False,"syntax_error: closing parenthesis ')' does not match opening parenthesis '{'; missing_required: cityA, cityB",partial,h3,"estimate_distance({""cityA"": ""83214"", ""cityB"": ""74532""})",100,h3,"estimate_distance({""cityA"": ""83214"", ""cityB"": ""74532""})",100,exact_tool_name;schema_invalid;unresolved_input,
smoke_flat,multi_turn_base_71,1,llmcompiler_flat_plan,"Assess if my vehicle's current mileage will suffice for the distance calculated. You don't need to re-fill, I just want to know.",h4,estimate_drive_feasibility_by_mileage(distance=750.0),u1,1,1. get_zipcode_based_on_city('Rivermist'),get_zipcode_based_on_city,,True,False,positional_args_not_schema_checked; missing_required: city,wrong,,,,h4,"estimate_drive_feasibility_by_mileage({""distance"": 750.0})",10,argument_overlap:distance;schema_invalid,no_candidate_above_threshold
smoke_flat,multi_turn_base_71,1,llmcompiler_flat_plan,"Assess if my vehicle's current mileage will suffice for the distance calculated. You don't need to re-fill, I just want to know.",h4,estimate_drive_feasibility_by_mileage(distance=750.0),u2,2,2. get_zipcode_based_on_city('Stonebrook'),get_zipcode_based_on_city,,True,False,positional_args_not_schema_checked; missing_required: city,wrong,,,,h4,"estimate_drive_feasibility_by_mileage({""distance"": 750.0})",0,schema_invalid,no_candidate_above_threshold
smoke_flat,multi_turn_base_71,1,llmcompiler_flat_plan,"Assess if my vehicle's current mileage will suffice for the distance calculated. You don't need to re-fill, I just want to know.",h4,estimate_drive_feasibility_by_mileage(distance=750.0),u3,3,"3. estimate_distance(cityA='83214', cityB='74532')",estimate_distance,,True,True,,wrong,,,,h4,"estimate_drive_feasibility_by_mileage({""distance"": 750.0})",5,schema_valid,no_candidate_above_threshold
smoke_flat,multi_turn_base_71,2,llmcompiler_flat_plan,Fill the fuel tank to completely full.,h5,fillFuelTank(fuelAmount=45.0),u1,1,1. get_fuel_level(),get_fuel_level,,False,False,missing_tool_schema,wrong,,,,h5,"fillFuelTank({""fuelAmount"": 45.0})",10,argument_overlap:fillfueltank;schema_invalid,no_candidate_above_threshold
smoke_flat,multi_turn_base_71,2,llmcompiler_flat_plan,Fill the fuel tank to completely full.,h5,fillFuelTank(fuelAmount=45.0),u2,2,2. fillFuelTank(fuelAmount=50.0),fillFuelTank,,True,True,,exact,h5,"fillFuelTank({""fuelAmount"": 45.0})",125,h5,"fillFuelTank({""fuelAmount"": 45.0})",125,exact_tool_name;parameter_overlap:fuelAmount;argument_overlap:fuelamount;schema_valid,
smoke_flat,multi_turn_base_71,3,llmcompiler_flat_plan,"With the vehicle secured, start the engine for our prepared journey.",h6 | h7 | h8,"lockDoors(unlock=False, door=['driver', 'passenger', 'rear_left', 'rear_right']) | pressBrakePedal(pedalPosition=1.0) | startEngine(ignitionMode='START')",u1,1,1. startEngine(ignitionMode='START'),startEngine,,True,True,,exact,h8,"startEngine({""ignitionMode"": ""START""})",145,h8,"startEngine({""ignitionMode"": ""START""})",145,"exact_tool_name;parameter_overlap:ignitionMode;argument_overlap:ignitionmode,start,startengine;schema_valid",
smoke_flat,multi_turn_base_71,4,llmcompiler_flat_plan,"Set navigation directly to Crescent Hollow, Spring, TX for a smooth ride without detours.",h9,"set_navigation(destination='Crescent Hollow, Spring, TX')",u1,1,"1. set_navigation(destination='Crescent Hollow, Spring, TX')",set_navigation,,True,True,,exact,h9,"set_navigation({""destination"": ""Crescent Hollow, Spring, TX""})",165,h9,"set_navigation({""destination"": ""Crescent Hollow, Spring, TX""})",165,"exact_tool_name;parameter_overlap:destination;argument_overlap:crescent,crescent hollow, spring, tx,destination,hollow,spring,tx;schema_valid",
smoke_flat,multi_turn_base_71,4,llmcompiler_flat_plan,"Set navigation directly to Crescent Hollow, Spring, TX for a smooth ride without detours.",h9,"set_navigation(destination='Crescent Hollow, Spring, TX')",u2,2,"2. setCruiseControl(speed=60.0, activate=True, distanceToNextVehicle=10.0)",setCruiseControl,,True,True,,wrong,,,,h9,"set_navigation({""destination"": ""Crescent Hollow, Spring, TX""})",5,schema_valid,no_candidate_above_threshold
smoke_flat,multi_turn_base_71,4,llmcompiler_flat_plan,"Set navigation directly to Crescent Hollow, Spring, TX for a smooth ride without detours.",h9,"set_navigation(destination='Crescent Hollow, Spring, TX')",u3,3,3. setHeadlights(mode='on'),setHeadlights,,True,True,,wrong,,,,h9,"set_navigation({""destination"": ""Crescent Hollow, Spring, TX""})",5,schema_valid,no_candidate_above_threshold
smoke_flat,multi_turn_base_86,0,llmcompiler_flat_plan,"Lock all doors and engage the parking brake, then start the vehicle's engine in preparation for a trip. Afterward, check if our tire pressure condition is safe to proceed.",h1 | h2 | h3 | h4 | h5,"lockDoors(unlock=False, door=['driver', 'passenger', 'rear_left', 'rear_right']) | activateParkingBrake(mode='engage') | pressBrakePedal(pedalPosition=1.0) | startEngine(ignitionMode='START') | check_tire_pressure()",u1,1,"1. lockDoors(door=[""driver"", ""passenger"", ""rear_left"", ""rear_right""], unlock=True)",lockDoors,,True,True,,exact,h1,"lockDoors({""unlock"": false, ""door"": [""driver"", ""passenger"", ""rear_left"", ""rear_right""]})",175,h1,"lockDoors({""unlock"": false, ""door"": [""driver"", ""passenger"", ""rear_left"", ""rear_right""]})",175,"exact_tool_name;parameter_overlap:door,unlock;argument_overlap:door,driver,passenger,rear_left,rear_right,unlock;schema_valid",
smoke_flat,multi_turn_base_86,0,llmcompiler_flat_plan,"Lock all doors and engage the parking brake, then start the vehicle's engine in preparation for a trip. Afterward, check if our tire pressure condition is safe to proceed.",h1 | h2 | h3 | h4 | h5,"lockDoors(unlock=False, door=['driver', 'passenger', 'rear_left', 'rear_right']) | activateParkingBrake(mode='engage') | pressBrakePedal(pedalPosition=1.0) | startEngine(ignitionMode='START') | check_tire_pressure()",u2,2,2. pressBrakePedal(pedalPosition=0.5),pressBrakePedal,,True,True,,exact,h3,"pressBrakePedal({""pedalPosition"": 1.0})",125,h3,"pressBrakePedal({""pedalPosition"": 1.0})",125,exact_tool_name;parameter_overlap:pedalPosition;argument_overlap:pedalposition;schema_valid,
smoke_flat,multi_turn_base_86,0,llmcompiler_flat_plan,"Lock all doors and engage the parking brake, then start the vehicle's engine in preparation for a trip. Afterward, check if our tire pressure condition is safe to proceed.",h1 | h2 | h3 | h4 | h5,"lockDoors(unlock=False, door=['driver', 'passenger', 'rear_left', 'rear_right']) | activateParkingBrake(mode='engage') | pressBrakePedal(pedalPosition=1.0) | startEngine(ignitionMode='START') | check_tire_pressure()",u3,3,"3. startEngine(ignitionMode=""START"")",startEngine,,True,True,,exact,h4,"startEngine({""ignitionMode"": ""START""})",135,h4,"startEngine({""ignitionMode"": ""START""})",135,"exact_tool_name;parameter_overlap:ignitionMode;argument_overlap:ignitionmode,start;schema_valid",
smoke_flat,multi_turn_base_86,0,llmcompiler_flat_plan,"Lock all doors and engage the parking brake, then start the vehicle's engine in preparation for a trip. Afterward, check if our tire pressure condition is safe to proceed.",h1 | h2 | h3 | h4 | h5,"lockDoors(unlock=False, door=['driver', 'passenger', 'rear_left', 'rear_right']) | activateParkingBrake(mode='engage') | pressBrakePedal(pedalPosition=1.0) | startEngine(ignitionMode='START') | check_tire_pressure()",u4,4,"4. checkTirePressure(driver=""front_rear_left"", passenger=""front_left"", rear=""front_right"")",checkTirePressure,,False,False,missing_tool_schema,wrong,,,,h1,"lockDoors({""unlock"": false, ""door"": [""driver"", ""passenger"", ""rear_left"", ""rear_right""]})",20,"argument_overlap:driver,passenger;schema_invalid",no_candidate_above_threshold
smoke_flat,multi_turn_base_86,1,llmcompiler_flat_plan,"The tire pressure seems worrying, kindly find the nearest tire shop to address the issue and set our navigation to that location.",h6 | h7,"find_nearest_tire_shop() | set_navigation(destination='456 Oakwood Avenue, Rivermist, 83214')",u1,1,1. find_nearest_tire_shop(),find_nearest_tire_shop,,True,True,,exact,h6,find_nearest_tire_shop({}),115,h6,find_nearest_tire_shop({}),115,exact_tool_name;argument_overlap:find_nearest_tire_shop;schema_valid,
smoke_flat,multi_turn_base_86,1,llmcompiler_flat_plan,"The tire pressure seems worrying, kindly find the nearest tire shop to address the issue and set our navigation to that location.",h6 | h7,"find_nearest_tire_shop() | set_navigation(destination='456 Oakwood Avenue, Rivermist, 83214')",u2,2,"2. set_navigation(destination=""street, city, state"")",set_navigation,,True,True,,exact,h7,"set_navigation({""destination"": ""456 Oakwood Avenue, Rivermist, 83214""})",125,h7,"set_navigation({""destination"": ""456 Oakwood Avenue, Rivermist, 83214""})",125,exact_tool_name;parameter_overlap:destination;argument_overlap:destination;schema_valid,
smoke_flat,multi_turn_base_86,2,llmcompiler_flat_plan,"I have the tire issue fixed. Thinking aloud, since it's been a successful start to this journey, I'd like to send a thank you tweet 'Thank you to our vehicle for a smooth start!' about our vehicle with a few hashtags '#Journey, #SmoothRide, #Grateful' added.",h8,"post_tweet(content='Thank you to our vehicle for a smooth start!', tags=['#Journey', '#SmoothRide', '#Grateful'])",u1,1,"1. create_tweet(content=""Thank you to our vehicle for a smooth start! #Journey, #SmoothRide, #Grateful"")",create_tweet,,False,False,missing_tool_schema,wrong,,,,h8,"post_tweet({""content"": ""Thank you to our vehicle for a smooth start!"", ""tags"": [""#Journey"", ""#SmoothRide"", ""#Grateful""]})",60,"parameter_overlap:content;argument_overlap:content,grateful,journey,our,smooth,smoothride,start,thank;schema_invalid",no_candidate_above_threshold
smoke_flat,multi_turn_base_86,2,llmcompiler_flat_plan,"I have the tire issue fixed. Thinking aloud, since it's been a successful start to this journey, I'd like to send a thank you tweet 'Thank you to our vehicle for a smooth start!' about our vehicle with a few hashtags '#Journey, #SmoothRide, #Grateful' added.",h8,"post_tweet(content='Thank you to our vehicle for a smooth start!', tags=['#Journey', '#SmoothRide', '#Grateful'])",u2,2,"2. post_tweet(content=""Thank you to our vehicle for a smooth start! #Journey, #SmoothRide, #Grateful"")",post_tweet,,True,True,,exact,h8,"post_tweet({""content"": ""Thank you to our vehicle for a smooth start!"", ""tags"": [""#Journey"", ""#SmoothRide"", ""#Grateful""]})",165,h8,"post_tweet({""content"": ""Thank you to our vehicle for a smooth start!"", ""tags"": [""#Journey"", ""#SmoothRide"", ""#Grateful""]})",165,"exact_tool_name;parameter_overlap:content;argument_overlap:content,grateful,journey,our,smooth,smoothride,start,thank;schema_valid",
smoke_flat,multi_turn_base_87,0,llmcompiler_flat_plan,"As I gear up for another delightful journey exploring the captivating waterways, I'm looking to convert 60 gallons of fuel into liters. Could you assist me with that conversion? I tend to work more comfortably with liters.",h1,gallon_to_liter(gallon=60.0),u1,1,1. gallon_to_liter(gallon=60),gallon_to_liter,,True,True,,exact,h1,"gallon_to_liter({""gallon"": 60.0})",135,h1,"gallon_to_liter({""gallon"": 60.0})",135,"exact_tool_name;parameter_overlap:gallon;argument_overlap:gallon,gallon_to_liter;schema_valid",
smoke_flat,multi_turn_base_87,1,llmcompiler_flat_plan,"Thank goodness! With the conversion sorted, I'd appreciate your help in ensuring that my vehicle's tank is topped up with 20 gallons of gasoline.",h2,fillFuelTank(fuelAmount=20.0),u1,1,1. gallon_to_liter(gallon=20.0),gallon_to_liter,,True,True,,wrong,,,,h2,"fillFuelTank({""fuelAmount"": 20.0})",15,argument_overlap:20.0;schema_valid,no_candidate_above_threshold
smoke_flat,multi_turn_base_87,2,llmcompiler_flat_plan,"Now, with the tank filled to my liking, I need to make sure my ride is prepared for this adventure. Could you help me start the engine, lock the doors, and engage the parking brake for a safe start?",h3 | h4 | h5 | h6,"activateParkingBrake(mode='engage') | lockDoors(unlock=False, door=['driver', 'passenger', 'rear_left', 'rear_right']) | pressBrakePedal(pedalPosition=1.0) | startEngine(ignitionMode='START')",u1,1,"1. lockDoors(arg={""unlock"": True, ""door"": [""driver"", ""passenger"", ""rear_left"", ""rear_right""]})",lockDoors,,True,False,"missing_required: door, unlock; unknown_parameters: arg",partial,h4,"lockDoors({""unlock"": false, ""door"": [""driver"", ""passenger"", ""rear_left"", ""rear_right""]})",150,h4,"lockDoors({""unlock"": false, ""door"": [""driver"", ""passenger"", ""rear_left"", ""rear_right""]})",150,"exact_tool_name;argument_overlap:door,driver,lockdoors,passenger,rear_left,rear_right,unlock;schema_invalid",
smoke_flat,multi_turn_base_87,2,llmcompiler_flat_plan,"Now, with the tank filled to my liking, I need to make sure my ride is prepared for this adventure. Could you help me start the engine, lock the doors, and engage the parking brake for a safe start?",h3 | h4 | h5 | h6,"activateParkingBrake(mode='engage') | lockDoors(unlock=False, door=['driver', 'passenger', 'rear_left', 'rear_right']) | pressBrakePedal(pedalPosition=1.0) | startEngine(ignitionMode='START')",u2,2,"2. startEngine(arg={""ignitionMode"": ""START""})",startEngine,,True,False,missing_required: ignitionMode; unknown_parameters: arg,partial,h6,"startEngine({""ignitionMode"": ""START""})",120,h6,"startEngine({""ignitionMode"": ""START""})",120,"exact_tool_name;argument_overlap:ignitionmode,start;schema_invalid",
smoke_flat,multi_turn_base_87,2,llmcompiler_flat_plan,"Now, with the tank filled to my liking, I need to make sure my ride is prepared for this adventure. Could you help me start the engine, lock the doors, and engage the parking brake for a safe start?",h3 | h4 | h5 | h6,"activateParkingBrake(mode='engage') | lockDoors(unlock=False, door=['driver', 'passenger', 'rear_left', 'rear_right']) | pressBrakePedal(pedalPosition=1.0) | startEngine(ignitionMode='START')",u3,3,"3. setHeadlights(arg={""mode"": ""on""})",setHeadlights,,True,False,missing_required: mode; unknown_parameters: arg,wrong,,,,h3,"activateParkingBrake({""mode"": ""engage""})",10,argument_overlap:mode;schema_invalid,no_candidate_above_threshold
smoke_flat,multi_turn_base_87,3,llmcompiler_flat_plan,"Before setting off on this little expedition, can you do a quick tire pressure check for me? If any of the pressures fall below 33, kindly point me towards the nearest tire shop to get everything in tip-top shape before we roll.",h7 | h8,check_tire_pressure() | find_nearest_tire_shop(),u1,1,"1. get_zipcode_based_on_city(city=""Rivermist"")",get_zipcode_based_on_city,,True,True,,wrong,,,,h7,check_tire_pressure({}),5,schema_valid,no_candidate_above_threshold
smoke_flat,multi_turn_base_88,0,llmcompiler_flat_plan,"Hey, I've just filled my car up with 13.2 gallons of fuel. How much is that in liters?",h1,gallon_to_liter(gallon=13.2),u1,1,1. gallon_to_liter(gallon=13.2),gallon_to_liter,,True,True,,exact,h1,"gallon_to_liter({""gallon"": 13.2})",145,h1,"gallon_to_liter({""gallon"": 13.2})",145,"exact_tool_name;parameter_overlap:gallon;argument_overlap:13.2,gallon,gallon_to_liter;schema_valid",
smoke_flat,multi_turn_base_88,0,llmcompiler_flat_plan,"Hey, I've just filled my car up with 13.2 gallons of fuel. How much is that in liters?",h1,gallon_to_liter(gallon=13.2),u2,2,2. liter_to_gallon(liter=13.2),liter_to_gallon,,True,True,,wrong,,,,h1,"gallon_to_liter({""gallon"": 13.2})",15,argument_overlap:13.2;schema_valid,no_candidate_above_threshold
smoke_flat,multi_turn_base_88,0,llmcompiler_flat_plan,"Hey, I've just filled my car up with 13.2 gallons of fuel. How much is that in liters?",h1,gallon_to_liter(gallon=13.2),u3,3,3. gallon_to_liter(gallon=13.2),gallon_to_liter,,True,True,,wrong,,,,h1,"gallon_to_liter({""gallon"": 13.2})",135,"exact_tool_name;parameter_overlap:gallon;argument_overlap:13.2,gallon;schema_valid",no_candidate_above_threshold
smoke_flat,multi_turn_base_88,0,llmcompiler_flat_plan,"Hey, I've just filled my car up with 13.2 gallons of fuel. How much is that in liters?",h1,gallon_to_liter(gallon=13.2),u4,4,4. liter_to_gallon(liter=13.2),liter_to_gallon,,True,True,,wrong,,,,h1,"gallon_to_liter({""gallon"": 13.2})",15,argument_overlap:13.2;schema_valid,no_candidate_above_threshold
smoke_flat,multi_turn_base_88,0,llmcompiler_flat_plan,"Hey, I've just filled my car up with 13.2 gallons of fuel. How much is that in liters?",h1,gallon_to_liter(gallon=13.2),u5,5,5. gallon_to_liter(gallon=13.2),gallon_to_liter,,True,True,,wrong,,,,h1,"gallon_to_liter({""gallon"": 13.2})",135,"exact_tool_name;parameter_overlap:gallon;argument_overlap:13.2,gallon;schema_valid",no_candidate_above_threshold
smoke_flat,multi_turn_base_88,0,llmcompiler_flat_plan,"Hey, I've just filled my car up with 13.2 gallons of fuel. How much is that in liters?",h1,gallon_to_liter(gallon=13.2),u6,6,6. liter_to_gallon(liter=13.2),liter_to_gallon,,True,True,,wrong,,,,h1,"gallon_to_liter({""gallon"": 13.2})",15,argument_overlap:13.2;schema_valid,no_candidate_above_threshold
smoke_flat,multi_turn_base_88,1,llmcompiler_flat_plan,"Once you've converted it to liters, please guide me in filling the tank to the max limit. After that's sorted, I need to ensure that all the doors are securely locked and the parking brake is firmly set.",h2 | h3 | h4,"fillFuelTank(fuelAmount=36.8) | lockDoors(unlock=False, door=['driver', 'passenger', 'rear_left', 'rear_right']) | activateParkingBrake(mode='engage')",u1,1,1. liter_to_gallon(liter=49.967411999999996),liter_to_gallon,,True,True,,wrong,,,,h2,"fillFuelTank({""fuelAmount"": 36.8})",5,schema_valid,no_candidate_above_threshold
smoke_flat,multi_turn_base_88,1,llmcompiler_flat_plan,"Once you've converted it to liters, please guide me in filling the tank to the max limit. After that's sorted, I need to ensure that all the doors are securely locked and the parking brake is firmly set.",h2 | h3 | h4,"fillFuelTank(fuelAmount=36.8) | lockDoors(unlock=False, door=['driver', 'passenger', 'rear_left', 'rear_right']) | activateParkingBrake(mode='engage')",u2,2,2. fillFuelTank(fuelAmount=50),fillFuelTank,,True,True,,exact,h2,"fillFuelTank({""fuelAmount"": 36.8})",125,h2,"fillFuelTank({""fuelAmount"": 36.8})",125,exact_tool_name;parameter_overlap:fuelAmount;argument_overlap:fuelamount;schema_valid,
smoke_flat,multi_turn_base_88,1,llmcompiler_flat_plan,"Once you've converted it to liters, please guide me in filling the tank to the max limit. After that's sorted, I need to ensure that all the doors are securely locked and the parking brake is firmly set.",h2 | h3 | h4,"fillFuelTank(fuelAmount=36.8) | lockDoors(unlock=False, door=['driver', 'passenger', 'rear_left', 'rear_right']) | activateParkingBrake(mode='engage')",u3,3,"3. lockDoors(unlock=True, door=[""driver"", ""passenger"", ""rear_left"", ""rear_right""])",lockDoors,,True,True,,exact,h3,"lockDoors({""unlock"": false, ""door"": [""driver"", ""passenger"", ""rear_left"", ""rear_right""]})",175,h3,"lockDoors({""unlock"": false, ""door"": [""driver"", ""passenger"", ""rear_left"", ""rear_right""]})",175,"exact_tool_name;parameter_overlap:door,unlock;argument_overlap:door,driver,passenger,rear_left,rear_right,unlock;schema_valid",
smoke_flat,multi_turn_base_88,2,llmcompiler_flat_plan,"With the car prepped, I need to gear up for a drive from San Francisco to Rivermist. I'll be checking the fuel level once the engine is on in 'START' mode. Then, help me post a tweet, 'Embarking on an exciting road trip from SF to Rivermist!' and please throw in hashtags #RoadTrip #Adventure #Exploring.",h5 | h6 | h7,"pressBrakePedal(pedalPosition=1.0) | startEngine(ignitionMode='START') | post_tweet(content='Embarking on an exciting road trip from SF to Rivermist!', tags=['#RoadTrip', '#Adventure', '#Exploring'])",u1,1,1. startEngine(ignitionMode='START'),startEngine,,True,True,,exact,h6,"startEngine({""ignitionMode"": ""START""})",135,h6,"startEngine({""ignitionMode"": ""START""})",135,"exact_tool_name;parameter_overlap:ignitionMode;argument_overlap:ignitionmode,start;schema_valid",
smoke_flat,multi_turn_base_88,2,llmcompiler_flat_plan,"With the car prepped, I need to gear up for a drive from San Francisco to Rivermist. I'll be checking the fuel level once the engine is on in 'START' mode. Then, help me post a tweet, 'Embarking on an exciting road trip from SF to Rivermist!' and please throw in hashtags #RoadTrip #Adventure #Exploring.",h5 | h6 | h7,"pressBrakePedal(pedalPosition=1.0) | startEngine(ignitionMode='START') | post_tweet(content='Embarking on an exciting road trip from SF to Rivermist!', tags=['#RoadTrip', '#Adventure', '#Exploring'])",u2,1,"1. setCruiseControl(speed=60.0, activate=True, distanceToNextVehicle=10.0)",setCruiseControl,,True,True,,wrong,,,,h5,"pressBrakePedal({""pedalPosition"": 1.0})",5,schema_valid,no_candidate_above_threshold
smoke_flat,multi_turn_base_88,2,llmcompiler_flat_plan,"With the car prepped, I need to gear up for a drive from San Francisco to Rivermist. I'll be checking the fuel level once the engine is on in 'START' mode. Then, help me post a tweet, 'Embarking on an exciting road trip from SF to Rivermist!' and please throw in hashtags #RoadTrip #Adventure #Exploring.",h5 | h6 | h7,"pressBrakePedal(pedalPosition=1.0) | startEngine(ignitionMode='START') | post_tweet(content='Embarking on an exciting road trip from SF to Rivermist!', tags=['#RoadTrip', '#Adventure', '#Exploring'])",u3,2,2. setHeadlights(mode='on'),setHeadlights,,True,True,,wrong,,,,h5,"pressBrakePedal({""pedalPosition"": 1.0})",5,schema_valid,no_candidate_above_threshold
smoke_flat,multi_turn_base_91,0,llmcompiler_flat_plan,"Hi, I am Kelly. I'm sweating. What's the temp outside right now? Would you be able to update Michael on today's outdoor temperature with message 'It is hot outside.'? He should know whether to bundle up or dress down for the weather.",h1 | h2,"get_outside_temperature_from_google() | send_message(receiver_id='USR006', message='It is hot outside.')",u1,1,"1. get_outside_temperature_from_weather_com(outsideTemperature=25, message=""It is hot outside."")",get_outside_temperature_from_weather_com,,True,False,"unknown_parameters: message, outsideTemperature",wrong,,,,h2,"send_message({""receiver_id"": ""USR006"", ""message"": ""It is hot outside.""})",60,"parameter_overlap:message;argument_overlap:hot,it,it is hot outside.,message,outside.,send_message;schema_invalid",no_candidate_above_threshold
smoke_flat,multi_turn_base_91,1,llmcompiler_flat_plan,Let's review all the messages I have send so far.,h3,view_messages_sent(),u1,1,1. retrieve_messages(),retrieve_messages,,False,False,missing_tool_schema,wrong,,,,h3,view_messages_sent({}),0,schema_invalid,no_candidate_above_threshold
smoke_flat,multi_turn_base_97,0,llmcompiler_flat_plan,"I've heard a friend of mine in Rivermist recently visited Stonebrook, and she mentioned the journey felt quite extensive. I'm curious, do you happen to have an idea about the actual distance between the two places?",h1 | h2 | h3,"get_zipcode_based_on_city(city='Rivermist') | get_zipcode_based_on_city(city='Stonebrook') | estimate_distance(cityA='83214', cityB='74532')",u1,1,"1. get_zipcode_based_on_city(arg={""city"": ""<zipcode for Rivermist>""})",get_zipcode_based_on_city,,True,False,missing_required: city; unknown_parameters: arg,partial,h2,"get_zipcode_based_on_city({""city"": ""Stonebrook""})",120,h1,"get_zipcode_based_on_city({""city"": ""Rivermist""})",120,"exact_tool_name;argument_overlap:city,rivermist;schema_invalid;unresolved_input",
smoke_flat,multi_turn_base_97,0,llmcompiler_flat_plan,"I've heard a friend of mine in Rivermist recently visited Stonebrook, and she mentioned the journey felt quite extensive. I'm curious, do you happen to have an idea about the actual distance between the two places?",h1 | h2 | h3,"get_zipcode_based_on_city(city='Rivermist') | get_zipcode_based_on_city(city='Stonebrook') | estimate_distance(cityA='83214', cityB='74532')",u2,2,"2. get_zipcode_based_on_city(arg={""city"": ""<zipcode for Stonebrook>""})",get_zipcode_based_on_city,,True,False,missing_required: city; unknown_parameters: arg,partial,h1,"get_zipcode_based_on_city({""city"": ""Rivermist""})",110,h1,"get_zipcode_based_on_city({""city"": ""Rivermist""})",110,exact_tool_name;argument_overlap:city;schema_invalid;unresolved_input,
smoke_flat,multi_turn_base_97,0,llmcompiler_flat_plan,"I've heard a friend of mine in Rivermist recently visited Stonebrook, and she mentioned the journey felt quite extensive. I'm curious, do you happen to have an idea about the actual distance between the two places?",h1 | h2 | h3,"get_zipcode_based_on_city(city='Rivermist') | get_zipcode_based_on_city(city='Stonebrook') | estimate_distance(cityA='83214', cityB='74532')",u3,3,"3. calculate_distance(arg={""city1"": ""<zipcode for Rivermist>"", ""city2"": ""<zipcode for Stonebrook>"")",calculate_distance,,False,False,missing_tool_schema,wrong,,,,h1,"get_zipcode_based_on_city({""city"": ""Rivermist""})",0,schema_invalid;unresolved_input,no_candidate_above_threshold
smoke_flat,multi_turn_base_97,1,llmcompiler_flat_plan,Covering the distance from Rivermist to Stonebrook sure seems like a long trip. I'm a bit worried if my vehicle can endure the journey with the current fuel level. I'm not entirely sure how far my car can travel on the remaining fuel. What do you think?,h4,estimate_drive_feasibility_by_mileage(distance=750.0),u1,1,1. startEngine(ignitionMode='START'),startEngine,,True,True,,wrong,,,,h4,"estimate_drive_feasibility_by_mileage({""distance"": 750.0})",5,schema_valid,no_candidate_above_threshold
smoke_flat,multi_turn_base_97,1,llmcompiler_flat_plan,Covering the distance from Rivermist to Stonebrook sure seems like a long trip. I'm a bit worried if my vehicle can endure the journey with the current fuel level. I'm not entirely sure how far my car can travel on the remaining fuel. What do you think?,h4,estimate_drive_feasibility_by_mileage(distance=750.0),u2,2,2. startEngine(ignitionMode='RESTART'),startEngine,,True,True,,wrong,,,,h4,"estimate_drive_feasibility_by_mileage({""distance"": 750.0})",5,schema_valid,no_candidate_above_threshold
smoke_flat,multi_turn_base_97,2,llmcompiler_flat_plan,"Thanks a lot! Before I embark on this journey, it makes sense to ensure I won't be left stranded due to an empty tank. Just add to the tank fully.",h5,fillFuelTank(fuelAmount=45.0),u1,1,1. fillFuelTank(fuelAmount=10.0),fillFuelTank,,True,True,,exact,h5,"fillFuelTank({""fuelAmount"": 45.0})",125,h5,"fillFuelTank({""fuelAmount"": 45.0})",125,exact_tool_name;parameter_overlap:fuelAmount;argument_overlap:fuelamount;schema_valid,
smoke_flat,multi_turn_base_97,2,llmcompiler_flat_plan,"Thanks a lot! Before I embark on this journey, it makes sense to ensure I won't be left stranded due to an empty tank. Just add to the tank fully.",h5,fillFuelTank(fuelAmount=45.0),u2,2,"2. startEngine(arg={""ignitionMode"": ""START""})",startEngine,,True,False,missing_required: ignitionMode; unknown_parameters: arg,wrong,,,,h5,"fillFuelTank({""fuelAmount"": 45.0})",0,schema_invalid,no_candidate_above_threshold
smoke_flat,multi_turn_base_97,3,llmcompiler_flat_plan,"Great, with my tank now full, let's embark on this journey. Once I'm set to go, I'd appreciate it if you could start the car for me.",h6 | h7 | h8,"lockDoors(unlock=False, door=['driver', 'passenger', 'rear_left', 'rear_right']) | pressBrakePedal(pedalPosition=1.0) | startEngine(ignitionMode='START')",u1,1,1. getEngineStatus(),getEngineStatus,,False,False,missing_tool_schema,wrong,,,,h8,"startEngine({""ignitionMode"": ""START""})",10,argument_overlap:start;schema_invalid,no_candidate_above_threshold
smoke_flat,multi_turn_base_97,3,llmcompiler_flat_plan,"Great, with my tank now full, let's embark on this journey. Once I'm set to go, I'd appreciate it if you could start the car for me.",h6 | h7 | h8,"lockDoors(unlock=False, door=['driver', 'passenger', 'rear_left', 'rear_right']) | pressBrakePedal(pedalPosition=1.0) | startEngine(ignitionMode='START')",u2,2,2. startEngine(ignitionMode='START'),startEngine,,True,True,,exact,h8,"startEngine({""ignitionMode"": ""START""})",135,h8,"startEngine({""ignitionMode"": ""START""})",135,"exact_tool_name;parameter_overlap:ignitionMode;argument_overlap:ignitionmode,start;schema_valid",
smoke_flat,multi_turn_base_97,4,llmcompiler_flat_plan,"By the way, as I travel, there are some updates I need to communicate to my friend Michael. Would you be able to send message 'I am on my way.'?",h9,"send_message(receiver_id='BD732D1888B94DAA', message='I am on my way.')",u1,1,1. setHeadlights(mode='off'),setHeadlights,,True,True,,wrong,,,,h9,"send_message({""receiver_id"": ""BD732D1888B94DAA"", ""message"": ""I am on my way.""})",15,argument_overlap:message;schema_valid,no_candidate_above_threshold
smoke_flat,multi_turn_base_97,4,llmcompiler_flat_plan,"By the way, as I travel, there are some updates I need to communicate to my friend Michael. Would you be able to send message 'I am on my way.'?",h9,"send_message(receiver_id='BD732D1888B94DAA', message='I am on my way.')",u2,2,2. setHeadlights(mode='on'),setHeadlights,,True,True,,wrong,,,,h9,"send_message({""receiver_id"": ""BD732D1888B94DAA"", ""message"": ""I am on my way.""})",5,schema_valid,no_candidate_above_threshold
smoke_flat,multi_turn_base_97,5,llmcompiler_flat_plan,"Lastly, while I'm on the road, I want to make sure I have informed everyone that should be aware. Could you display what messages I've send thus far?",h10,view_messages_sent(),u1,1,"1. send_message(receiver_id='BD732D1888B94DAA', message='I am on my way.')",send_message,,True,True,,wrong,,,,h10,view_messages_sent({}),5,schema_valid,no_candidate_above_threshold
smoke_flat,multi_turn_base_143,0,llmcompiler_flat_plan,I have recently come across Zeta Corp and I'm intrigued by their operations. Kindly include their stock in my watchlist so that I can monitor it.,h1,add_to_watchlist(stock='ZETA'),,,,,,,,,NO_GENERATED_UNIT,,,,,,,,no_generated_units
smoke_flat,multi_turn_base_143,1,llmcompiler_flat_plan,I've been following a few orders and aim to review the specifics of one with a substantial order value I remember initiating. Let's retrieve the details.,h2,get_order_details(order_id=12446),u1,1,1. get_order_details(order_id=<specific_order_id>),get_order_details,,True,False,syntax_error: invalid syntax; missing_required: order_id,partial,h2,"get_order_details({""order_id"": 12446})",130,h2,"get_order_details({""order_id"": 12446})",130,"exact_tool_name;parameter_overlap:order_id;argument_overlap:get_order_details,order_id;schema_invalid;unresolved_input",
smoke_flat,multi_turn_base_143,2,llmcompiler_flat_plan,"With the recent market movements, my strategies are up for reevaluation. Proceed by cancelling the specific order we've just reviewed, given the uncertainties surrounding its outcome.",h3,cancel_order(order_id=12446),u1,1,1. cancel_order(order_id=12446),cancel_order,,True,True,,exact,h3,"cancel_order({""order_id"": 12446})",145,h3,"cancel_order({""order_id"": 12446})",145,"exact_tool_name;parameter_overlap:order_id;argument_overlap:12446,cancel_order,order_id;schema_valid",
smoke_flat,multi_turn_base_143,3,llmcompiler_flat_plan,"I require some confidence about my current financial positioning. Share a detailed overview of my account, including balances and any associated card numbers. Furthermore, logging in as USR001 to notify my financial advisor (user id 'USR003') promptly about this potential shift in my investment strategy with our latest account details. The message should be like 'My strategy is shifting due to recent market movements and the cancellation of a specific order. Current balance in my account is $...",h4 | h5 | h6,"message_login(user_id='USR001') | get_account_info() | send_message(receiver_id='USR003',message='My strategy is shifting due to recent market movements and the cancellation of a specific order. Current balance in my account is $10000.')",u1,1,"1. trading_login(username=""USR001"", password=""password123"")",trading_login,,True,True,,wrong,,,,h6,"send_message({""receiver_id"": ""USR003"", ""message"": ""My strategy is shifting due to recent market movements and the cancellation of a specific order. Current balance in my account is $10000.""})",55,"argument_overlap:account,market,message,movements,recent;schema_valid",no_candidate_above_threshold
smoke_flat,multi_turn_base_143,3,llmcompiler_flat_plan,"I require some confidence about my current financial positioning. Share a detailed overview of my account, including balances and any associated card numbers. Furthermore, logging in as USR001 to notify my financial advisor (user id 'USR003') promptly about this potential shift in my investment strategy with our latest account details. The message should be like 'My strategy is shifting due to recent market movements and the cancellation of a specific order. Current balance in my account is $...",h4 | h5 | h6,"message_login(user_id='USR001') | get_account_info() | send_message(receiver_id='USR003',message='My strategy is shifting due to recent market movements and the cancellation of a specific order. Current balance in my account is $10000.')",u2,2,"2. notify_advisor(user_id=""USR003"", message=""My strategy is shifting due to recent market movements and the cancellation of a specific order. Current balance in my account is $10000."")",notify_advisor,10000,False,False,missing_tool_schema,wrong,,,,h6,"send_message({""receiver_id"": ""USR003"", ""message"": ""My strategy is shifting due to recent market movements and the cancellation of a specific order. Current balance in my account is $10000.""})",50,"argument_overlap:account,balance,cancellation,due,market,message,movements,my;schema_invalid;unresolved_input",no_candidate_above_threshold
smoke_flat,multi_turn_base_151,0,llmcompiler_flat_plan,"A complex decision awaits me. I'm planning an upcoming trip with limited resources and reevaluating my options. Could you first provide an estimate for a business class flight from San Francisco International to Los Angeles next Friday, November 10th, 2024, for an essential business engagement? Once the cost is known, please convert the estimate from USD to EUR for budgeting purposes, and if the cost is under 2000, proceed to book the flight using the secured credit card ID 144756014165 and a...",h1 | h2 | h3,"get_flight_cost(travel_from='SFO', travel_to='LAX', travel_date='2024-11-10', travel_class='business') | compute_exchange_rate(base_currency='USD', target_currency='EUR', value=400.0) | book_flight(access_token='abc123xyz', card_id='144756014165', travel_date='2024-11-10', travel_from='SFO', travel_to='LAX', travel_class='business')",u1,1,"1. get_flight_cost(travel_from=""San Francisco International"", travel_to=""Los Angeles"", travel_class=""business class"", travel_date=""2024-11-10"")",get_flight_cost,,True,True,,exact,h1,"get_flight_cost({""travel_from"": ""SFO"", ""travel_to"": ""LAX"", ""travel_date"": ""2024-11-10"", ""travel_class"": ""business""})",185,h1,"get_flight_cost({""travel_from"": ""SFO"", ""travel_to"": ""LAX"", ""travel_date"": ""2024-11-10"", ""travel_class"": ""business""})",185,"exact_tool_name;parameter_overlap:travel_class,travel_date,travel_from,travel_to;argument_overlap:2024-11-10,business,travel_class,travel_date,travel_from,travel_to;schema_valid",
smoke_flat,multi_turn_base_151,0,llmcompiler_flat_plan,"A complex decision awaits me. I'm planning an upcoming trip with limited resources and reevaluating my options. Could you first provide an estimate for a business class flight from San Francisco International to Los Angeles next Friday, November 10th, 2024, for an essential business engagement? Once the cost is known, please convert the estimate from USD to EUR for budgeting purposes, and if the cost is under 2000, proceed to book the flight using the secured credit card ID 144756014165 and a...",h1 | h2 | h3,"get_flight_cost(travel_from='SFO', travel_to='LAX', travel_date='2024-11-10', travel_class='business') | compute_exchange_rate(base_currency='USD', target_currency='EUR', value=400.0) | book_flight(access_token='abc123xyz', card_id='144756014165', travel_date='2024-11-10', travel_from='SFO', travel_to='LAX', travel_class='business')",u2,2,"2. set_budget_limit(access_token=""abc123xyz"", budget_limit=2000)",set_budget_limit,,True,True,,wrong,,,,h3,"book_flight({""access_token"": ""abc123xyz"", ""card_id"": ""144756014165"", ""travel_date"": ""2024-11-10"", ""travel_from"": ""SFO"", ""travel_to"": ""LAX"", ""travel_class"": ""business""})",35,"parameter_overlap:access_token;argument_overlap:abc123xyz,access_token;schema_valid",no_candidate_above_threshold
smoke_flat,multi_turn_base_151,0,llmcompiler_flat_plan,"A complex decision awaits me. I'm planning an upcoming trip with limited resources and reevaluating my options. Could you first provide an estimate for a business class flight from San Francisco International to Los Angeles next Friday, November 10th, 2024, for an essential business engagement? Once the cost is known, please convert the estimate from USD to EUR for budgeting purposes, and if the cost is under 2000, proceed to book the flight using the secured credit card ID 144756014165 and a...",h1 | h2 | h3,"get_flight_cost(travel_from='SFO', travel_to='LAX', travel_date='2024-11-10', travel_class='business') | compute_exchange_rate(base_currency='USD', target_currency='EUR', value=400.0) | book_flight(access_token='abc123xyz', card_id='144756014165', travel_date='2024-11-10', travel_from='SFO', travel_to='LAX', travel_class='business')",u3,3,"3. book_flight(card_id=""144756014165"", access_token=""abc123xyz"")",book_flight,,True,False,"missing_required: travel_class, travel_date, travel_from, travel_to",partial,h3,"book_flight({""access_token"": ""abc123xyz"", ""card_id"": ""144756014165"", ""travel_date"": ""2024-11-10"", ""travel_from"": ""SFO"", ""travel_to"": ""LAX"", ""travel_class"": ""business""})",160,h3,"book_flight({""access_token"": ""abc123xyz"", ""card_id"": ""144756014165"", ""travel_date"": ""2024-11-10"", ""travel_from"": ""SFO"", ""travel_to"": ""LAX"", ""travel_class"": ""business""})",160,"exact_tool_name;parameter_overlap:access_token,card_id;argument_overlap:144756014165,abc123xyz,access_token,card_id;schema_invalid",
smoke_flat,multi_turn_base_151,1,llmcompiler_flat_plan,"Due to unforeseen circumstances, I'm unable to proceed with my journey to Los Angeles next week. Could the system initiate a cancellation process for the flight booking made earlier?",h4,"cancel_booking(access_token='abc123xyz', booking_id='3426812')",u1,1,"1. book_flight(access_token='abc123xyz', card_id='144756014165', travel_date='2024-11-10', travel_from='SFO', travel_to='LAX', travel_class='business')",book_flight,,True,True,,wrong,,,,h4,"cancel_booking({""access_token"": ""abc123xyz"", ""booking_id"": ""3426812""})",35,"parameter_overlap:access_token;argument_overlap:abc123xyz,access_token;schema_valid",no_candidate_above_threshold
smoke_flat,multi_turn_base_151,2,llmcompiler_flat_plan,"I believe it would be strategic to communicate these adjustments to my extended network. Construct a tweet highlighting the cancellation of my travel plans, and ensure to add relevant hashtags 'TravelUpdate' and 'BusinessTrip' relating to travel and business updates, for message, just tell that 'Just cancelled my trip to LA'. Be sure to authenticate using my username 'john' and password 'john1234'.",h5 | h6,"authenticate_twitter(username='john',password='john1234') | post_tweet(content='Just cancelled my trip to LA',tags=['#TravelUpdate','#BusinessTrip'])",u1,1,"1. create_tweet(message=""Due to unforeseen circumstances, I had to cancel my travel plans. #TravelUpdate #BusinessTrip.\n\nJust cancelled my trip to LA."")",create_tweet,,False,False,missing_tool_schema,wrong,,,,h6,"post_tweet({""content"": ""Just cancelled my trip to LA"", ""tags"": [""#TravelUpdate"", ""#BusinessTrip""]})",50,"argument_overlap:businesstrip,cancelled,my,travelupdate,trip;schema_invalid",no_candidate_above_threshold
smoke_flat,multi_turn_base_151,2,llmcompiler_flat_plan,"I believe it would be strategic to communicate these adjustments to my extended network. Construct a tweet highlighting the cancellation of my travel plans, and ensure to add relevant hashtags 'TravelUpdate' and 'BusinessTrip' relating to travel and business updates, for message, just tell that 'Just cancelled my trip to LA'. Be sure to authenticate using my username 'john' and password 'john1234'.",h5 | h6,"authenticate_twitter(username='john',password='john1234') | post_tweet(content='Just cancelled my trip to LA',tags=['#TravelUpdate','#BusinessTrip'])",u2,2,"2. authenticate(username='john', password='john1234')",authenticate,,False,False,missing_tool_schema,wrong,,,,h5,"authenticate_twitter({""username"": ""john"", ""password"": ""john1234""})",60,"parameter_overlap:password,username;argument_overlap:john,john1234,password,username;schema_invalid",no_candidate_above_threshold
smoke_flat,multi_turn_base_173,0,llmcompiler_flat_plan,"I'm considering flying from Los Angeles Internationa (LAX) to John F. Kennedy (JFK) in business class on November 15, 2024. What would this flight typically cost?",h1,"get_flight_cost(travel_from='LAX', travel_to='JFK', travel_date='2024-11-15', travel_class='business')",,,,,,,,,NO_GENERATED_UNIT,,,,,,,,no_generated_units
smoke_flat,multi_turn_base_173,1,llmcompiler_flat_plan,"Once I know the cost, I need that in pounds sterling — it's easier for my budget planning. Let's base future travel expenses on $10,000 using access token 'abc123xyz'.",h2 | h3,"compute_exchange_rate(base_currency='USD', target_currency='GBP', value=2400.0) | set_budget_limit(access_token='abc123xyz', budget_limit=10000.0)",u1,1,"1. convert_currency(amount=2400.0, from_currency='USD', to_currency='USD')",convert_currency,,False,False,missing_tool_schema,wrong,,,,h2,"compute_exchange_rate({""base_currency"": ""USD"", ""target_currency"": ""GBP"", ""value"": 2400.0})",20,"argument_overlap:2400.0,usd;schema_invalid",no_candidate_above_threshold
smoke_flat,multi_turn_base_173,1,llmcompiler_flat_plan,"Once I know the cost, I need that in pounds sterling — it's easier for my budget planning. Let's base future travel expenses on $10,000 using access token 'abc123xyz'.",h2 | h3,"compute_exchange_rate(base_currency='USD', target_currency='GBP', value=2400.0) | set_budget_limit(access_token='abc123xyz', budget_limit=10000.0)",u2,2,"2. set_budget_limit(access_token='abc123xyz', budget_limit=10000.0, budget_currency='USD')",set_budget_limit,,True,False,unknown_parameters: budget_currency,partial,h3,"set_budget_limit({""access_token"": ""abc123xyz"", ""budget_limit"": 10000.0})",160,h3,"set_budget_limit({""access_token"": ""abc123xyz"", ""budget_limit"": 10000.0})",160,"exact_tool_name;parameter_overlap:access_token,budget_limit;argument_overlap:10000.0,abc123xyz,access_token,budget_limit;schema_invalid",
smoke_flat,multi_turn_base_173,2,llmcompiler_flat_plan,"Okay, I've sorted out my budget. Let's go ahead and book the flight as we discussed. Use my card — it's the one with id card_1496 —.",h4,"book_flight(access_token='abc123xyz', card_id='card_1496', travel_date='2024-11-15', travel_from='LAX', travel_to='JFK', travel_class='business')",u1,1,"1. book_flight(access_token='abc123xyz', travel_from='LAX', travel_to='JFK', travel_date='2024-11-15', travel_class='business', card_id='card_1496')",book_flight,,True,True,,exact,h4,"book_flight({""access_token"": ""abc123xyz"", ""card_id"": ""card_1496"", ""travel_date"": ""2024-11-15"", ""travel_from"": ""LAX"", ""travel_to"": ""JFK"", ""travel_class"": ""business""})",185,h4,"book_flight({""access_token"": ""abc123xyz"", ""card_id"": ""card_1496"", ""travel_date"": ""2024-11-15"", ""travel_from"": ""LAX"", ""travel_to"": ""JFK"", ""travel_class"": ""business""})",185,"exact_tool_name;parameter_overlap:access_token,card_id,travel_class,travel_date,travel_from,travel_to;argument_overlap:2024-11-15,abc123xyz,access_token,business,card_1496,card_id,jfk,lax;schema_valid",
smoke_flat,multi_turn_base_173,3,llmcompiler_flat_plan,I noticed there's a ticket linked with this booking that I no longer find necessary. Can you cancel it on my behalf?,h5,close_ticket(ticket_id='ticket_001'),u1,1,"1. book_flight(access_token='abc123xyz', card_id='card_1496', travel_date='2024-11-15', travel_from='LAX', travel_to='JFK', travel_class='business')",book_flight,,True,True,,wrong,,,,h5,"close_ticket({""ticket_id"": ""ticket_001""})",5,schema_valid,no_candidate_above_threshold
smoke_flat,multi_turn_base_185,0,llmcompiler_flat_plan,"As I'm mapping out the logistics for my forthcoming business journey, I require an estimate for airfare traveling from the first to the second airport in your inventory, all set for December 15th, 2024. My travel funds should not exceed $2000, and I'll use my designated access code, 12345-67890. Could you retrieve this information for me?",h1 | h2 | h3,"list_all_airports() | get_flight_cost(travel_from='RMS', travel_to='SBK', travel_date='2024-12-15', travel_class='business') | set_budget_limit(access_token='12345-67890', budget_limit=2000.0)",u1,1,"1. get_flight_cost(arg={""travel_from"": ""Rivermist"", ""travel_to"": ""Stonebrook"", ""travel_date"": ""2024-12-15""})",get_flight_cost,,True,False,"missing_required: travel_class, travel_date, travel_from, travel_to; unknown_parameters: arg",partial,h2,"get_flight_cost({""travel_from"": ""RMS"", ""travel_to"": ""SBK"", ""travel_date"": ""2024-12-15"", ""travel_class"": ""business""})",140,h2,"get_flight_cost({""travel_from"": ""RMS"", ""travel_to"": ""SBK"", ""travel_date"": ""2024-12-15"", ""travel_class"": ""business""})",140,"exact_tool_name;argument_overlap:2024-12-15,travel_date,travel_from,travel_to;schema_invalid",
smoke_flat,multi_turn_base_185,0,llmcompiler_flat_plan,"As I'm mapping out the logistics for my forthcoming business journey, I require an estimate for airfare traveling from the first to the second airport in your inventory, all set for December 15th, 2024. My travel funds should not exceed $2000, and I'll use my designated access code, 12345-67890. Could you retrieve this information for me?",h1 | h2 | h3,"list_all_airports() | get_flight_cost(travel_from='RMS', travel_to='SBK', travel_date='2024-12-15', travel_class='business') | set_budget_limit(access_token='12345-67890', budget_limit=2000.0)",u2,2,"2. set_budget_limit(arg={""access_token"": ""12345-67890"", ""budget_limit"": 2000})",set_budget_limit,,True,False,"missing_required: access_token, budget_limit; unknown_parameters: arg",partial,h3,"set_budget_limit({""access_token"": ""12345-67890"", ""budget_limit"": 2000.0})",130,h3,"set_budget_limit({""access_token"": ""12345-67890"", ""budget_limit"": 2000.0})",130,"exact_tool_name;argument_overlap:12345-67890,access_token,budget_limit;schema_invalid",
smoke_flat,multi_turn_base_185,1,llmcompiler_flat_plan,"Relating to the travel itinerary I'm arranging, I would like to secure travel insurance with a fee of $300 linked to booking code d184e2c0-2ebb-4f39-a525-d5e01b67dc6c. I'd prefer to utilize the payment method associated with card ID '0001'. Kindly finalize this with my access code 12345-67890.",h4,"purchase_insurance(access_token='12345-67890', insurance_type='comprehensive', booking_id='d184e2c0-2ebb-4f39-a525-d5e01b67dc6c', insurance_cost=300.0, card_id='0001')",u1,1,"1. purchase_insurance(access_token='12345-67890', insurance_type='travel', booking_id='d184e2c0-2ebb-4f39-a525-d5e01b67dc6c', insurance_cost=300.0, card_id='0001')",purchase_insurance,,True,True,,exact,h4,"purchase_insurance({""access_token"": ""12345-67890"", ""insurance_type"": ""comprehensive"", ""booking_id"": ""d184e2c0-2ebb-4f39-a525-d5e01b67dc6c"", ""insurance_cost"": 300.0, ""card_id"": ""0001""})",185,h4,"purchase_insurance({""access_token"": ""12345-67890"", ""insurance_type"": ""comprehensive"", ""booking_id"": ""d184e2c0-2ebb-4f39-a525-d5e01b67dc6c"", ""insurance_cost"": 300.0, ""card_id"": ""0001""})",185,"exact_tool_name;parameter_overlap:access_token,booking_id,card_id,insurance_cost,insurance_type;argument_overlap:0001,12345-67890,300.0,access_token,booking_id,card_id,d184e2c0-2ebb-4f39-a525-d5e01b67dc6c,insurance_cost;schema_valid",
smoke_flat,multi_turn_base_185,2,llmcompiler_flat_plan,"Could you assist by procuring the invoice for my reservation? I need to review the specifics to confirm precision, tapping into my access code 12345-67890 for verification.",h5,"retrieve_invoice(access_token='12345-67890', booking_id='d184e2c0-2ebb-4f39-a525-d5e01b67dc6c')",u1,1,1. retrieve_invoice(access_token='12345-67890'),retrieve_invoice,,True,True,,exact,h5,"retrieve_invoice({""access_token"": ""12345-67890"", ""booking_id"": ""d184e2c0-2ebb-4f39-a525-d5e01b67dc6c""})",135,h5,"retrieve_invoice({""access_token"": ""12345-67890"", ""booking_id"": ""d184e2c0-2ebb-4f39-a525-d5e01b67dc6c""})",135,"exact_tool_name;parameter_overlap:access_token;argument_overlap:12345-67890,access_token;schema_valid",
